ServiceApprovalNumber,Provider Approval Number,ServiceType,ServiceName,ProviderLegalName,ServiceAddress,Suburb,State,Postcode,Phone,Fax,Email Address,Conditions on Approval,NumberOfApprovedPlaces,ServiceApprovalGrantedDate,QualityArea1Rating,QualityArea2Rating,QualityArea3Rating,QualityArea4Rating,QualityArea5Rating,QualityArea6Rating,QualityArea7Rating,OverallRating,Website,Age Range,Fees,Opening Hours,Food Provided,Disposable Nappies,Cloth Nappies,Air conditioning,Bus service,Online waitlist
SE-00000905,PR-00000656,OSHC,Somerset Hills Outside School Hours Care,Somerset Hills State School P & C Association,Somerset Hills State School  Cnr Kitchener & Webster Roads,STAFFORD HEIGHTS,QLD,4053,07 3350 4546,07 3350 4546,shssoshc@hotmail.com, The service is approved to provide education and care to children before and after school only. This sevice is approved to provide education and care to children from over preschool age including school children.,48,7/25/09,Provisional â€“ Not Yet Assessed,Provisional â€“ Not Yet Assessed,Provisional â€“ Not Yet Assessed,Provisional â€“ Not Yet Assessed,Provisional â€“ Not Yet Assessed,Provisional â€“ Not Yet Assessed,Provisional â€“ Not Yet Assessed,Provisional â€“ Not Yet Assessed,http://somehillss.eq.edu.au/wcms/index.php?option=com_content&view=article&id=20&Itemid=43,5 - 12 years,,7:00am - 6:00pm,,,,,,F
SE-00001474,PR-00000178,School hours care,Stafford Heights Pre School and Kindergarten,Stafford Heights Kindergarten Association Incorporated,12 Dorkay Street  ,STAFFORD HEIGHTS,QLD,4053,07 3359 7923,,kindy@sctelco.net.au, This service is approved to provide education and care to children from 36 months up to and including over preschool age not including school children.,24,7/2/10,Provisional â€“ Not yet assessed,Provisional â€“ Not yet assessed,Provisional â€“ Not yet assessed,Provisional â€“ Not yet assessed,Provisional â€“ Not yet assessed,Provisional â€“ Not yet assessed,Provisional â€“ Not yet assessed,Provisional â€“ Not yet assessed,http://staffordheightskindergarten.qld.edu.au/,3.5 years - 5 years,"""3.5 - 5 years: $27.20 - $34.00 per day + $25.00 per term building fund + $30.00 per term parent roster levy + $50.00 per year membership""",8:30am - 4:00pm,F,F,F,,,F
SE-40000729,PR-40000555,Child care,The Hills District Childcare Centre,The Hills District Childcare Centre Pty Ltd AFT Griffin Family Trust,1035 South Pine Rd  ,EVERTON HILLS,QLD,4053,738554445,,info@thehillschildcare.com.au,,86,1/23/12,Meeting NQS,Meeting NQS,Meeting NQS,Meeting NQS,Meeting NQS,Working Towards NQS,Working Towards NQS,Working Towards NQS,http://www.thehillschildcare.com/,6 weeks - 5 years,"""6 weeks - 30 months: $85.00, 30 months - 5 years: $80.00""",6:15am - 6:15pm,T,F,F,,,F
SE-00001657,PR-00007765,Child care,Tumble Tots Kindergarten,Kylie Barrett ,3 Wayne Street  ,STAFFORD HEIGHTS,QLD,4053,07 3311 7743,07 3311 7743,kylie@tumbletots.com.au, This service is approved to provide education and care to children from children from 15 monthsÂ up to and including over preschool age not including school children,14,1/31/11,Provisional â€“ Not Yet Assessed,Provisional â€“ Not Yet Assessed,Provisional â€“ Not Yet Assessed,Provisional â€“ Not Yet Assessed,Provisional â€“ Not Yet Assessed,Provisional â€“ Not Yet Assessed,Provisional â€“ Not Yet Assessed,Provisional â€“ Not Yet Assessed,http://www.tumbletots.com.au/stafford.html,3 years - 5 years,"""3 - 5 years: $78.00""",7:00am - 6:00pm,F,F,F,,,T
SE-00001770,PR-00001185,Child care,Tumble Tots McDowall,Michael Wayne Steele ATF the Steele Family Trust,3 Hackman Street  ,MCDOWALL,QLD,4053,07 3353 1228,,corrina@tumbletots.com.au, This service is approved to continue to use an educator to child ratio of 1:5 for children from 15 months to 24 months of age.Â  This ratio applies for children from 15 months of age in place of regulation 123 (1)(a) until 31 December 2017. This service is approved to provide education and care to children from birth up to 36 months of age.,14,11/1/10,Meeting NQS,Meeting NQS,Meeting NQS,Meeting NQS,Meeting NQS,Meeting NQS,Meeting NQS,Meeting NQS,http://www.tumbletots.com.au/mcdowall.html,6 weeks - 3 years,"""6 weeks - 18 months: $78.00, 15 months - 3 years: $75.00""",7:00am - 6:00pm,F,F,F,,,T
SE-00001548,PR-00000533,OSHC,YMCA Grovely Outside School Hours Care,The Young Men's Christian Association of Brisbane,Grovely State School  200 Dawson Parade,GROVELY,QLD,4053,07 3855 9997,07 3356 8786,agr@ymca.org.au, An approved alternative solution relating to Performance Criteria P2 Accessibility and P16 Electrical Safety Precautions within SP5.4 Child Care Centres of the Queensland Development Code (with a publication date of 1 November 2004) applies to this service.  This service is approved to provide education and care to children from over preschool age including school children.,45,6/20/11,Provisional â€“ Not yet assessed,Provisional â€“ Not yet assessed,Provisional â€“ Not yet assessed,Provisional â€“ Not yet assessed,Provisional â€“ Not yet assessed,Provisional â€“ Not yet assessed,Provisional â€“ Not yet assessed,Provisional â€“ Not yet assessed,https://grovelyss.eq.edu.au/Facilities/Outofschoolhourscare/Pages/Outofschoolhourscare.aspx,5 - 12 years,,"""BSC: 6:30 - 9:00am, ASC: 3:00 - 6:00pm, VC: 6:30am - 6:00pm""","""Breakfast, morning tea, afternoon tea""",F,F,,,F
SE-00000927,PR-00000533,OSHC,YMCA Mitchelton Outside School Hours Care,The Young Men's Christian Association of Brisbane,Mitchelton State School  47 Glen Retreat Road,MITCHELTON,QLD,4053,07 3355 6016,,ami@ymca.org.au, The maximum number of children able to be provided with education and care after school is 75 The maximum number of children able to be provided with education and care before school is 50 The maximum number of children able to be provided with education and care during school holidays is 80 This service is approved to provide education and care to children from over preschool age including school children.,80,3/6/09,Provisional â€“ Not yet assessed,Provisional â€“ Not yet assessed,Provisional â€“ Not yet assessed,Provisional â€“ Not yet assessed,Provisional â€“ Not yet assessed,Provisional â€“ Not yet assessed,Provisional â€“ Not yet assessed,Provisional â€“ Not yet assessed,http://www.ymcachildcare.com.au/ymca-ohsc-services/brisbane-north-west/mitchelton-oshc,5 - 12 years,"""BSC: $12.50 - $13.50, ASC: $17.50 - $18.50, VC: $42.00 - $45.00""","""BSC: 6:30 - 9:30am, 2:30 - 6:00pm, VC: 6:30am - 6:00pm""","""Breakfast, morning tea, afternoon tea""",F,F,,,F
SE-00002197,PR-00001055,Child care,Arlington Drive Premium Childcare,FMJ Childcare Pty Ltd,Shop 1 Arlington Court  1 Arlington Drive,ARANA HILLS,QLD,4054,738511250,738511255,director@arlingtondrive.com.au, This service is approved to continue to use an educator to child ratio of 1:5 for children from 15 months to 24 months of age.Â  This ratio applies for children from 15 months of age in place of regulation 123 (1)(a) until 31 December 2017. An approved alternative solution relating to Performance Criteria P4- Outdoor Play Facilities within SP5.4 Child Care Centres of the Queensland Development Code (with a publication date of 16 November 2007) applies to this service. This service is approved to provide a rest period from 12:00pm to 2:00pm on Monday to Friday. This condition expires on 31 December 2019 (subject to the provisions of Regulation 310 (1)). This service is approved to provide education and care to children form birth up to and including over preschool age not including school children.,150,6/28/10,Provisional â€“ Not Yet Assessed,Provisional â€“ Not Yet Assessed,Provisional â€“ Not Yet Assessed,Provisional â€“ Not Yet Assessed,Provisional â€“ Not Yet Assessed,Provisional â€“ Not Yet Assessed,Provisional â€“ Not Yet Assessed,Provisional â€“ Not Yet Assessed,,6 weeks -  5 years,"""6 weeks - 24 months: $95.00, 25 months - 5 years: $90.00"" ",6:30 am to 6:30 pm,T,T,F,,,F
SE-00000691,PR-40000066,Child care,Dixi's Early Learning Centre,Lakota (Queensland) Pty Ltd,3 Arlington Drive  ,ARANA HILLS,QLD,4054,07 3851 3577,3851 3760,aranahills@dixis.com.au, This service is approved to provide education and care to children from birth up to and including school children. This service is approved to continue to use an educator to child ratio of 1:5 for children from 15 months to 24 months of age. This ratio applies for children from 15 months of age in place of regulation 123(1)(a) until 31 December 2017. This service is approved to provide a rest period from 12:00pm to 2:00pm on Monday to Friday. This condition expires on 31 December 2019 (subject to the provisions of Regulation 310 (1)).,75,4/14/10,Provisional â€“ Not Yet Assessed,Provisional â€“ Not Yet Assessed,Provisional â€“ Not Yet Assessed,Provisional â€“ Not Yet Assessed,Provisional â€“ Not Yet Assessed,Provisional â€“ Not Yet Assessed,Provisional â€“ Not Yet Assessed,Provisional â€“ Not Yet Assessed,www.dixis.com.au,6 weeks - 6 years,,6:30am - 6:30pm,T,F,T,,,F
SE-00002022,PR-00001203,Child care,Kindy Patch Grovely ,G8 KP Pty Ltd,Lot 4  161 Dawson Parade,GROVELY,QLD,4054,07 3355 4949,07 3355 4919,grovely@kindypatch.com.au, This service is approved to continue to use an educator to child ratio of 1:5 for children from 15 months to 24 months of age.Â  This ratio applies for children from 15 months of age in place of regulation 123 (1)(a) until 31 December 2017. This service is approved to provide education and care to children from birth up to and including school children.,75,3/14/11,Meeting NQS,Meeting NQS,Meeting NQS,Meeting NQS,Meeting NQS,Meeting NQS,Meeting NQS,Meeting NQS,http://www.kindypatch.com.au/centres/kindy-patch-grovely/,6 weeks - 6 years,"""6 weeks - 15 months: $92.00, 15 - 24 months: $83.00, 2 - 3 years: $79.00, 3 - 5 years: $81.00""",6:30am - 6:00pm,T,F,F,,,F
SE-00000907,PR-00000702,OSHC,St Williams Outside School Hours and Vacation Care Program,The Corporation of the Trustees of the Roman Catholic Archdiocese of Brisbane Operating Through Centacare Child Care Services ,67 Dawson Parade  ,KEPERRA,QLD,4054,07 3354 3904,07 3855 3455,keperraoshc@centacare.net.au, The maximum number of children able to be provided with education and care after school and during school holidays is 130  The maximum number of children able to be provided with education and care before school is 120  This service is approved to provide education and care to children from over preschool age including school children.,130,10/7/11,Provisional â€“ Not yet assessed,Provisional â€“ Not yet assessed,Provisional â€“ Not yet assessed,Provisional â€“ Not yet assessed,Provisional â€“ Not yet assessed,Provisional â€“ Not yet assessed,Provisional â€“ Not yet assessed,Provisional â€“ Not yet assessed,http://www.stwilliamsgrovely.qld.edu.au/html/forparents/ohsc.html,5 - 12 years,"""BSC: $14.00 - $16.00, ASC: $18.00 - $20.00, VC: $40.00 - $45.00""","""BSC: 6:45 - 8:30am, ASC: 3:00 - 6:00pm, VC: 7:00am - 6:00pm""",F,F,F,,,F
SE-00000412,PR-40001112,Child care,Tlc Childcare Keperra - Centre 1,Affinity Education Group Limited,6-10 Camoola Street  ,KEPERRA,QLD,4054,07 3851 2229,07 3851 2570,keperra@tlcchildcare.com.au, This service is approved to continue to use an educator to child ratio of 1:5 for children from 15 months to 24 months of age.Â  This ratio applies for children from 15 months of age in place of regulation 123 (1)(a) until 31 December 2017. This service is approved to provide a rest period from 12:00pm to 2:00pm on Monday to Friday. This condition expires on 31 December 2019 (subject to the provisions of Regulation 310 (1)). This service is approved to provide education and care to children from birth up to and including school children.,136,11/5/11,Provisional â€“ Not Yet Assessed,Provisional â€“ Not Yet Assessed,Provisional â€“ Not Yet Assessed,Provisional â€“ Not Yet Assessed,Provisional â€“ Not Yet Assessed,Provisional â€“ Not Yet Assessed,Provisional â€“ Not Yet Assessed,Provisional â€“ Not Yet Assessed,http://www.tlcchildcare.com.au/,6 weeks - 5 years,"""6 weeks - 2 years: $84.00, 2 - 4 years: $82.00, 4 - 5 years: $80.00""",6:00am - 6:00pm,T,T,F,,F,F
SE-00000210,PR-00000564,Child care,Birralee Child Care Centre,Moreton Bay Regional Council,1-7 Samantha Court  ,FERNY HILLS,QLD,4055,07 3351 4459,07 3851 2236,BirraleeChildCare@moretonbay.qld.gov.au, This service is approved to provide a rest period from 12:00pm to 2:00pm on Monday to Friday. This condition expires on 31 December 2019 (subject to the provisions of Regulation 310 (1)). Children from birth up to and including over preschool age not including school children.,65,6/3/10,Provisional â€“ Not Yet Assessed,Provisional â€“ Not Yet Assessed,Provisional â€“ Not Yet Assessed,Provisional â€“ Not Yet Assessed,Provisional â€“ Not Yet Assessed,Provisional â€“ Not Yet Assessed,Provisional â€“ Not Yet Assessed,Provisional â€“ Not Yet Assessed,https://www.moretonbay.qld.gov.au/subsite.aspx?id=87500,6 weeks - 5 years,"""6 weeks - 2 years: $78.00, 2 - 5 years: $75.00""",7:00am - 6:00pm,T,F,F,,,F
SE-00000510,PR-00000916,Child care,Creative Play Ferny Grove Child Care Centre,Jamjar Holdings Pty Ltd,Cnr Hogarth Rd & McGinn Rd  ,FERNY GROVE,QLD,4055,07 3851 0611,,fernygrove1@creativeplay.net.au, This service is approved to provide a rest period from 12:00pm to 2:00pm on Monday to Friday. This condition expires on 31 December 2019 (subject to the provisions of Regulation 310 (1)).,75,8/2/10,Meeting NQS,Meeting NQS,Meeting NQS,Meeting NQS,Meeting NQS,Meeting NQS,Meeting NQS,Meeting NQS,www.creativeplay.net.au,15 months - 5 years,"""15 months -  3 years: $67.00, 3 - 5 years: $64.00""",7:00am - 6:00pm,F,F,F,,,F
SE-00000925,PR-00000653,OSHC,Ferny Hills Outside School Hours Care,Ferny Hills State School P & C Association,Ferny Hills State School  Illuta Avenue,FERNY HILLS,QLD,4055,07 3851 1573,07 3851 4826,fernyhills.oshc@bigpond.com, This service is approved to provide education and care to children from over preschool age including school age.,100,7/4/11,Provisional â€“ Not yet assessed,Provisional â€“ Not yet assessed,Provisional â€“ Not yet assessed,Provisional â€“ Not yet assessed,Provisional â€“ Not yet assessed,Provisional â€“ Not yet assessed,Provisional â€“ Not yet assessed,Provisional â€“ Not yet assessed,https://fernhillss.eq.edu.au/Facilities/Outofschoolhourscare/Pages/Outofschoolhourscare.aspx,5 - 12 years,"""BSC: $9.00, ASC: $12.00, VC: $33.00 + $10.00 yearly enrolment fee""","""BSC: 7:00 - 9:00am, ASC: 2:30 - 6:00pm, VC: 7:00am - 6:00pm""","""Breakfast, afternoon tea""",F,F,,,F
SE-00002157,PR-00001017,Child care,Habitat Early Learning Ferny Grove,Habitat Early Learning Pty Ltd ATF Habitat Discretionary Trust,54 Hogarth Road  ,FERNY GROVE,QLD,4055,3851 5151,1800 794 088,louise@habitatlearning.com.au, This service is approved to continue to use an educator to child ratio of 1:5 for children from 15 months to 24 months of age.Â  This ratio applies for children from 15 months of age in place of regulation 123 (1)(a) until 31 December 2017. This service is approved to provide a rest period from 12:00pm to 2:00pm on Monday to Friday. This condition expires on 31 December 2019 (subject to the provisions of Regulation 310 (1)). This service is approved to provide education and care to children from birth up to and including school children.,181,6/20/11,Provisional â€“ Not Yet Assessed,Provisional â€“ Not Yet Assessed,Provisional â€“ Not Yet Assessed,Provisional â€“ Not Yet Assessed,Provisional â€“ Not Yet Assessed,Provisional â€“ Not Yet Assessed,Provisional â€“ Not Yet Assessed,Provisional â€“ Not Yet Assessed,http://habitatkids.com.au/,6 weeks - 5 years,"""6 weeks - 12 months: $94.00, 13 - 24 months: $87.00, 2 - 3 years: $85.00, 4 - 5 years: $82.00""",6:30am - 6:30pm,T,T,F,,,F
SE-00001134,PR-00001030,OSHC,Helping Hands Ferny Grove,Helping Hands Network Pty Ltd,Finvoy Street  ,FERNY GROVE,QLD,4055,07 3851 2196,07 3351 1322,fernygrove@helpinghandsnetwork.com.au, The maximum number of children able to be provided with education and care after school is 160 The maximum number of children able to be provided with education and care before school is 110 The maximum number of children able to be provided with education and care during school holidays is 110 An approved alternative solution relating to Performance Criteria P16 Electrical safety precautions within SP5.4 - Child Care Centres of the Queensland Development Code (with a publication date of 1 November 2004) applies to this service. This service is approved to provide education and care to children from over preschool age including school children.,160,7/13/11,Provisional â€“ Not Yet Assessed,Provisional â€“ Not Yet Assessed,Provisional â€“ Not Yet Assessed,Provisional â€“ Not Yet Assessed,Provisional â€“ Not Yet Assessed,Provisional â€“ Not Yet Assessed,Provisional â€“ Not Yet Assessed,Provisional â€“ Not Yet Assessed,http://www.helpinghandsnetwork.com.au/our-schools/ferny-grove-state-school,5 - 12 years,,"""BSC: 6:30 - 8:45am, ASC: 3:00 - 6:00pm, VC: 6:30am - 6:00pm""",,,,,,T
SE-00001094,PR-00000366,OSHC,Patricks Road State School OSHC,Patricks Road P&C Association Outside Hours Care,Patricks Road State School  Patricks Road,FERNY HILLS,QLD,4055,07 3851 2107,07 3851 0893,oshc@prss.com.au, This service is approved to provide education and care to children from over preschool age including school children.,120,8/15/11,Meeting NQS,Meeting NQS,Meeting NQS,Meeting NQS,Meeting NQS,Meeting NQS,Meeting NQS,Meeting NQS,https://patrroadss.eq.edu.au/facilities/outofschoolhourscare/Pages/Outofschoolhourscare.aspx,5 - 12 years,"""BSC: $15.00, ASC: $19.00, VC: $47.00""","""BSC: 6:30 - 8:45am, ASC: 3:00 - 6:00pm, VC: 6:30am - 6:00pm""","""Breakfast, afternoon tea""",F,F,,,F
SE-00001067,PR-00000702,OSHC,St Andrew's Outside School Hours Care,The Corporation of the Trustees of the Roman Catholic Archdiocese of Brisbane Operating Through Centacare Child Care Services ,89 Hogarth Road  ,FERNY GROVE,QLD,4055,07 3851 0043,07 3851 0043,fernygroveoshc@bne.centacare.net.au, An approved alternative solution relating to Perfomance Criteria P18 Accessibility within SP5.4 Child Care Centres of the Queensland Development Code (with a pulication date of 16 November 2007) applies to this service. This service is approved to provide education and care to children from over preschool age including school children.,90,10/7/11,Provisional â€“ Not yet assessed,Provisional â€“ Not yet assessed,Provisional â€“ Not yet assessed,Provisional â€“ Not yet assessed,Provisional â€“ Not yet assessed,Provisional â€“ Not yet assessed,Provisional â€“ Not yet assessed,Provisional â€“ Not yet assessed,http://www.standrewsoshc.com.au/,5 - 12 years,"""BSC: $12.00 - $13.00, ASC: $16.00 - $17.00, VC: $36.00 - $41.00 + $20.00 enrolment fee per family""","""BSC: 6:45 - 8:30am, BSC: 2:45 - 6:15pm, VC: 7:00am - 6:00pm""",T,F,F,,,F
SE-00001507,PR-00000493,School hours care,Willmore Kindergarten and Pre School,Willmore Kindergarten and Pre School Inc,14 Irruka Street  ,FERNY HILLS,QLD,4055,07 3351 2022,,willmorekindy@bigpond.com, This service is approved to provide education and care to children from 36 months up to and including over preschool age not including school children.,25,6/3/10,Exceeding NQS,Exceeding NQS,Exceeding NQS,Exceeding NQS,Exceeding NQS,Exceeding NQS,Exceeding NQS,Exceeding NQS,http://www.candk.asn.au/willmore,3.5 - 5 years,"""3.5 - 5 years: $650.00 per term + $100.00 enrolment fee + $10.00 waitlist fee""",8:30am - 2:30pm,F,F,F,,,F
SE-00000381,PR-00008029,Child care,C&K QUT Kelvin Grove Community Child Care Centre,The Creche and Kindergarten Association Limited,9 School Street  ,KELVIN GROVE,QLD,4059,07 3352 4956,3138 4047,qutkelvingrove@candk.asn.au, This service is approved to provide education and care to children from birth up to and includng over preschool age not including school children. This service is approved to provide a rest period from 12:00pm to 2:00pm on Monday to Friday. This condition expires on 31 December 2019 (subject to the provisions of Regulation 310(1)). This service is approved to continue to use an educator to child ratio of 1:5 for children from 15 months to 24 months of age. This ratio applies to children from 15 months of age in place of regulation 123(1)(a) until 31 December 2017.,66,9/13/10,Provisional â€“ Not yet assessed,Provisional â€“ Not yet assessed,Provisional â€“ Not yet assessed,Provisional â€“ Not yet assessed,Provisional â€“ Not yet assessed,Provisional â€“ Not yet assessed,Provisional â€“ Not yet assessed,Provisional â€“ Not yet assessed,http://www.candk.asn.au/kelvingrove,6 weeks -  5 years,"""6 weeks - 2 years: $89.00, 2 - 5 years: $82.00 + $100.00 enrolment fee""",7:30am - 5:30pm,F,F,F,,,T
SE-00000075,PR-00001129,Child care,Goodstart Early Learning Red Hill,Goodstart Early Learning Ltd,19 Fulcher Road  ,RED HILL,QLD,4059,07 3366 2411,07 3366 0572,kse@goodstart.org.au, This service is approved to provide education and care to children from children from 15 months up to and including school children This service is approved to provide a rest period from 12:00pm to 2:00pm on Monday to Friday. This condition expires on 31 December 2019 (subject to the provisions of Regulation 310 (1)). This service is approved to exceed the approved number of places during the period from Monday to Friday between the hours of 3:00pm and 5:00pm when it is 61 children.,53,11/29/11,Meeting NQS,Meeting NQS,Meeting NQS,Meeting NQS,Meeting NQS,Meeting NQS,Meeting NQS,Meeting NQS,http://www.goodstart.org.au/centres/red-hill/services,15 months - 5 years,"""15 - 24 months: $94.10, 24 months - 3 years: $89.50, 3 - 5 years: $87.30""",6:30am - 6:30pm,T,F,F,F,,F
SE-00000890,PR-00000315,OSHC,Kelvin Grove Children's Centre,Kelvin Grove State College P & C Association,Cnr Lestrange Tce - School Street  ,KELVIN GROVE,QLD,4059,07 3352 6007,07 3352 6017,kgoshc@bigpond.com, This service is approved to provide education and care to children from over preschool age including school children.,120,9/19/09,Meeting NQS,Meeting NQS,Working Towards NQS,Exceeding NQS,Meeting NQS,Working Towards NQS,Working Towards NQS,Working Towards NQS,https://kelvingrovesc.eq.edu.au/Facilities/Outofschoolhourscare/Pages/Outofschoolhourscare.aspx,5 - 12 years,,"""BSC: 7:00 - 8:30am, ASC: 3:00 - 6:00pm, VC: 7:00am - 6:00pm""",F,F,F,,,F
SE-00000053,PR-00000611,Child care,Kindyland Pre School and Child Care Centre,Pananga Pty Ltd,Cnr Franklin & Dunsmore Street  ,KELVIN GROVE,QLD,4059,07 3356 8153,,, This service is approved to continue to use an educator to child ratio of 1:5 for children from 15 months to 24 months of age.Â  This ratio applies for children from 15 months of age in place of regulation 123 (1)(a) until 31 December 2017. This service is approved to provide education and care to children from children from 15 monthsÂ up to and including over preschool age not including school children A report detailing annual testing of the softfall is provided every 12 months and is due by 30 October every year. This service is approved to provide a rest period from 12:30pm to 2:00pm on Monday to Friday. This condition expires on 31 December 2019 (subject to the provisions of Regulation 310 (1)).,50,12/21/10,Provisional â€“ Not yet assessed,Provisional â€“ Not yet assessed,Provisional â€“ Not yet assessed,Provisional â€“ Not yet assessed,Provisional â€“ Not yet assessed,Provisional â€“ Not yet assessed,Provisional â€“ Not yet assessed,Provisional â€“ Not yet assessed,,15 months - 5 years,"""15 - 30 months: $80.00, 30 months - 5 years: $70.00 - $75.00""",7:30am - 5:30pm,,,,,,F
SE-00001454,PR-00000241,"School hours care, OSHC",Red Hill Kindergarten,Red Hill Kindergarten Association Inc,95 Enoggera Terrace  ,RED HILL,QLD,4059,07 3369 4756,07 3369 3041,redhillkindergarten@bigpond.com, This service is approved to provide education and care to children from 36 months up to and including over preschool age not including school children.,40,8/31/10,Exceeding NQS,Exceeding NQS,Exceeding NQS,Exceeding NQS,Exceeding NQS,Exceeding NQS,Exceeding NQS,Exceeding NQS,http://www.redhillkindergarten.com.au/,3.5 - 5 years,"""Preschool: $28.00, BSC: $10.00 - $30.00, ASC: $10.00 - $30.00, VC: $56.00""","""Preschool: 8:30am - 2:30pm""",F,F,F,,,F
SE-00001260,PR-00000550,"School hours care, ASC",Ashgrove Memorial Pre School & Kindergarten,Ashgrove Memorial Preschool & Kindergarten Association Inc,26 Wessex Lane   ,ASHGROVE,QLD,4060,07 3366 4706,07 3366 4706,admin@ashgrovekindy.org.au, This service is approved to provide education and care to children from 36 months up to and including school children.,50,7/12/11,Provisional â€“ Not yet assessed,Provisional â€“ Not yet assessed,Provisional â€“ Not yet assessed,Provisional â€“ Not yet assessed,Provisional â€“ Not yet assessed,Provisional â€“ Not yet assessed,Provisional â€“ Not yet assessed,Provisional â€“ Not yet assessed,http://ashgrovekindy.org.au/,3.5 - 4.5 years,"""Kindergarten: $28.00 per day + $5.00 membership fee + $100.00 maintenance fee (refundable), ASC: $13.00 per hour""","""Kindergarten: 8:30am - 2:30pm, ASC: 2:30 - 5:30pm""",F,F,F,,,T
SE-00001261,PR-00000443,"School hours care, ASC",Ashgrove West Pre School Centre,Ashgrove West Preschool Centre Inc,530 Waterworks Road  ,ASHGROVE,QLD,4060,07 3366 1212,,awps@smiletelecom.com.au, This service is approved to provide education and care for children from 36 months and including over preschool age not including school children.,49,6/18/10,Provisional â€“ Not yet assessed,Provisional â€“ Not yet assessed,Provisional â€“ Not yet assessed,Provisional â€“ Not yet assessed,Provisional â€“ Not yet assessed,Provisional â€“ Not yet assessed,Provisional â€“ Not yet assessed,Provisional â€“ Not yet assessed,http://www.candk.asn.au/ashgrovewest,3.5 - 4.5 years,"""Kindergarten: $24.60 per day, ASC: $11.00 - $13.00 per hour""","""Kindergarten: 8:30am - 2:30pm, ASC: 2:30 - 5:30pm""",F,F,F,,,F
SE-00002361,PR-00008029,School hours care,C&K Oakleigh Community Kindergatren,The Creche and Kindergarten Association Limited,47 Buxton Street  ,ASHGROVE,QLD,4060,3366 0209,07 3366 0185,oakleigh@candk.asn.au, This service is approved to provide education and care to children from 36 months up to and including over preschool age not including school children.,24,2/24/11,Provisional â€“ Not yet assessed,Provisional â€“ Not yet assessed,Provisional â€“ Not yet assessed,Provisional â€“ Not yet assessed,Provisional â€“ Not yet assessed,Provisional â€“ Not yet assessed,Provisional â€“ Not yet assessed,Provisional â€“ Not yet assessed,http://www.candk.asn.au/oakleigh,3.5 - 4.5 years,"""3.5 - 4.5 years: $29.12 per day + $100 enrolment fee""",8:45am - 2:45pm,F,F,F,,,T
SE-00002033,PR-00008029,School hours care,C&K The Gap Community Kindergarten,The Creche and Kindergarten Association Limited,1174-1180 Waterworks Road  ,THE GAP,QLD,4060,3300 2906,07 3300 1002,thegap@candk.asn.au, This service is approved to provide education and care to children from 36 months up to and including over preschool age not including school children.,44,4/28/11,Exceeding NQS,Exceeding NQS,Exceeding NQS,Exceeding NQS,Exceeding NQS,Exceeding NQS,Exceeding NQS,Exceeding NQS,http://www.candk.asn.au/thegap,3.5 - 4.5 years,"""3.5 - 4.5 years: $29.12 per day + $100 enrolment fee""",8:45am - 2:45pm,F,F,F,,,T
SE-00000034,PR-00001129,Child care,Goodstart Early Learning Ashgrove,Goodstart Early Learning Ltd,22 Trout Street  ,ASHGROVE,QLD,4060,07 3366 5478,,ash2@goodstart.org.au, This service is approved to provide education and care to children from birth up to and including school children. This service is approved to provide a rest period from 12:00pm to 2:00pm on Monday to Friday. This condition expires on 31 December 2019 (subject to the provisions of Regulation 310 (1)).,120,11/29/11,Provisional â€“ Not yet assessed,Provisional â€“ Not yet assessed,Provisional â€“ Not yet assessed,Provisional â€“ Not yet assessed,Provisional â€“ Not yet assessed,Provisional â€“ Not yet assessed,Provisional â€“ Not yet assessed,Provisional â€“ Not yet assessed,http://www.goodstart.org.au/centres/ashgrove/overview,6 weeks -  5 years,"""6 weeks - 12 months: $94.40, 13 - 24 months: $91.10, 2 - 3 years: $89.30, 3 - 5 years: $87.10""",7:00am - 6:00pm,F,F,F,,,F
SE-00001129,PR-00000702,OSHC,Mater Dei Outside School Hours Care,The Corporation of the Trustees of the Roman Catholic Archdiocese of Brisbane Operating Through Centacare Child Care Services ,7 Lynwood Crescent  ,ASHGROVE,QLD,4060,07 3366 7138,07 3366 0935,ashgrovewestoshc@bne.centacare.net.au, This service is approved to provide education and care to children from over preschool age including school children.,45,7/17/09,Provisional â€“ Not yet assessed,Provisional â€“ Not yet assessed,Provisional â€“ Not yet assessed,Provisional â€“ Not yet assessed,Provisional â€“ Not yet assessed,Provisional â€“ Not yet assessed,Provisional â€“ Not yet assessed,Provisional â€“ Not yet assessed,http://www.materdei.qld.edu.au/documents/oshc.html,5 - 12 years,"""BSC: $15.00, ASC: $19.00, VC: $41.00""","""BSC: 7:00 - 8:40am, ASC: 3:00 - 6:00pm, VC: 7:30am - 6:00pm""","""Breakfast, afternoon tea""",F,F,,,F
SE-00000898,PR-00000171,OSHC,Oakleigh Outside School Hours Care,Oakleigh State School P & C Association Inc,Oakleigh State School  Buxton Street,ASHGROVE,QLD,4060,07 3366 5507,07 3366 5507,osch01@bigpond.com, This service is approved to provide education and care to children from over preschool age including school children.,90,10/18/09,Provisional â€“ Not yet assessed,Provisional â€“ Not yet assessed,Provisional â€“ Not yet assessed,Provisional â€“ Not yet assessed,Provisional â€“ Not yet assessed,Provisional â€“ Not yet assessed,Provisional â€“ Not yet assessed,Provisional â€“ Not yet assessed,http://oakleighss.eq.edu.au/wcms/index.php/oakleigh-p-a-c/outside-school-hours-care148,5 -12 years,"""BSC: $12.50, ASC: $16.00, VC: $41.50""","""BSC: 6:30 - 9:00am, ASC: 2:45 - 6:00pm, VC: 7:00am - 6:00pm""",T,F,F,,,F
SE-00000974,PR-00000702,OSHC,St Finbarr's Outside School Hours Care,The Corporation of the Trustees of the Roman Catholic Archdiocese of Brisbane Operating Through Centacare Child Care Services ,Betheden Terrace  ,ASHGROVE,QLD,4060,07 3366 8387,07 3366 5378,ashgroveoshc@bne.centacare.net.au, The service is approved to provide education and care to children before and after school only. This service is approved to provide education and care to children from over preschool including school children.,60,2/9/10,Meeting NQS,Meeting NQS,Meeting NQS,Meeting NQS,Meeting NQS,Meeting NQS,Meeting NQS,Meeting NQS,http://www.stfinbarrsashgrove.qld.edu.au/html/forparents/ohsc.html,5 - 12 years,"""BSC: $14.00 - $18.00, ASC: $18.00 - $22.00, VC: $40.00 - $44.00 + $30.00 yearly enrolment fee per family""","""BSC: 7:00 - 9:00am, ASC: 2:30 - 6:00pm, VC: 7:00am - 6:00pm""","""Afternoon tea""",F,F,,,F
SE-00000732,PR-00000079,Child care,The Woods Early Education Centre and Preschool,The Gap Childcare Centre and Preschool Pty Ltd,84 Royal Parade  ,ST JOHNS WOOD,QLD,4060,07 3366 3322,07 3366 8522,thewoods@qccs.com.au, This service is approved to continue to use an educator to child ratio of 1:5 for children from 15 months to 24 months of age.Â  This ratio applies for children from 15 months of age in place of regulation 123 (1)(a) until 31 December 2017. This service is approved to provide a rest period from 12:00pm to 2:00pm on Monday to Friday. This condition expires on 31 December 2019 (subject to the provisions of Regulation 310 (1)). This service is approved to provide education and care to children from birth up to and including school children.,75,1/6/10,Provisional â€“ Not yet assessed,Provisional â€“ Not yet assessed,Provisional â€“ Not yet assessed,Provisional â€“ Not yet assessed,Provisional â€“ Not yet assessed,Provisional â€“ Not yet assessed,Provisional â€“ Not yet assessed,Provisional â€“ Not yet assessed,http://www.qccs.com.au/skins/qccs/pages/centredetails.aspx?code=1&name=The+Woods+Early+Education+Centre+%26+Pre-school,6 weeks - 5 years,"""6 weeks - 30 months: $88.50, 30 months - 5 years: $78.50""",6:30am - 6:00pm,T,F,F,,F,F
SE-00001709,PR-00000533,OSHC,YMCA Ashgrove Outside School Hours Care,The Young Men's Christian Association of Brisbane,Glory Street  ,ASHGROVE,QLD,4060,3366 1523,,ash@ymca.org.au, The maximum number of children able to be provided with education and care before school is 71  This service is approved to provide education and care to children from over preschool age including school children.,75,5/30/10,Provisional â€“ Not yet assessed,Provisional â€“ Not yet assessed,Provisional â€“ Not yet assessed,Provisional â€“ Not yet assessed,Provisional â€“ Not yet assessed,Provisional â€“ Not yet assessed,Provisional â€“ Not yet assessed,Provisional â€“ Not yet assessed,http://www.ashgrovess.eq.edu.au/school-community/ymca/,5 - 12 years,"""BSC: $12.50, ASC: $17.50, VC: $43.00""","""BSC: 6:30 - 9:00am, ASC: 3:00 - 6:00pm, VC: 6:30am - 6:00pm""","""Breakfast, morning tea, afternoon tea""",F,F,,,F
SE-00014001,PR-00006557,OSHC,Camp Australia - Hilder Road State School OSHC,The Camp Australia Foundation Ltd,Kaloma Rd    ,THE GAP,QLD,4061,452247970, ,oshc@campaustralia.com.au, This service is approved to provide education and care to children from over preschool age including school children.,77,7/9/12,Provisional â€“ Not Yet Assessed,Provisional â€“ Not Yet Assessed,Provisional â€“ Not Yet Assessed,Provisional â€“ Not Yet Assessed,Provisional â€“ Not Yet Assessed,Provisional â€“ Not Yet Assessed,Provisional â€“ Not Yet Assessed,Provisional â€“ Not Yet Assessed,http://www.campaustralia.com.au/Service/QLDHilderRoadStateSchool/8555,5 - 12 years,"""BSC: $12.87 - $15.87, ASC: $18.96 - $21.96, VC: $45.00""","""BSC: 6:30 - 8:45am, ASC: 3:00 - 6:00pm, VC: 6:30am - 6:00pm""","""Breakfast, morning tea, afternoon tea""",F,F,,,T
SE-00000926,PR-00000509,OSHC,Payne Road Outside School Hours Care Service,Payne Road State School P & C Association,Payne Road State School  171 Payne Road,THE GAP,QLD,4061,07 3300 0077,,prsspc@optusnet.com.au, An approved alternative solution relating to Perfomance Criteria P18 Accessibility within SP5.4 Child Care Centres of the Queensland Development Code (with a pulication date of 16 November 2007) applies to this service.  This service is approved to provide education and care to children from over preschool age including school children.,75,10/25/09,Exceeding NQS,Meeting NQS,Meeting NQS,Exceeding NQS,Exceeding NQS,Exceeding NQS,Meeting NQS,Exceeding NQS,https://paynroadss.eq.edu.au/Facilities/Outofschoolhourscare/Pages/Outofschoolhourscare.aspx,5 - 12 years,"""BSC: $10.00, ASC: $17.00, VC: $42.00""","""BSC: 7:00 - 9:00am, ASC: 2:30 - 6:00pm, VC: 7:00am - 6:00pm""","""Breakfast, morning tea, afternoon tea""",F,F,,,T
SE-00000990,PR-00000702,OSHC,St Peter Chanel Outside School Hours Care,The Corporation of the Trustees of the Roman Catholic Archdiocese of Brisbane Operating Through Centacare Child Care Services ,St Peter Chanel School  41 Chaprowe Road,THE GAP,QLD,4061,07 3300 5077,07 3300 6407,thegaposhc@bne.centacare.net.au, This service is approved to provide education and care to children from over preschool age including school children.,75,7/23/10,Provisional â€“ Not yet assessed,Provisional â€“ Not yet assessed,Provisional â€“ Not yet assessed,Provisional â€“ Not yet assessed,Provisional â€“ Not yet assessed,Provisional â€“ Not yet assessed,Provisional â€“ Not yet assessed,Provisional â€“ Not yet assessed,http://www.stpeterchaneloshc.com/,5 - 12 years,"""BSC: $13.00 - $18.00, ASC: $18.00 - $23.00, VC: $40.00 - $44.00 + $30.00 yearly enrolment fee per family""","""BSC: 7:00 - 8:45am, ASC: 3:00 - 6:00pm, VC: 7:30am - 6:00pm""","""Breakfast, afternoon tea""",F,F,,,F
SE-40001406,PR-00000693,Child care,The Gap Child Care Centre,The Uniting Church in Australia Property Trust (Q.),1050 Waterworks Road  ,THE GAP,QLD,4061,417983855,07 3256 3495,thegapccc@wmb.org.au,,48,2/14/14,Provisional â€“ Not Yet Assessed,Provisional â€“ Not Yet Assessed,Provisional â€“ Not Yet Assessed,Provisional â€“ Not Yet Assessed,Provisional â€“ Not Yet Assessed,Provisional â€“ Not Yet Assessed,Provisional â€“ Not Yet Assessed,Provisional â€“ Not Yet Assessed,,6 months - 5 years,"""6 months - 2 years: $87.50, 2 years - 30 months: $85.50, 30 months - 3 years: $83.50, 3 - 5 years: $81.00""",7:00am - 5:30pm,T,T,F,,,F
SE-00000096,PR-00000114,Child care,The Gap Cubbyhouse Children's Development Centre,Dollies Pty Ltd,177-181 Payne Road  ,THE GAP,QLD,4061,07 3300 2227,07 3300 0664,director@cubbyhousechildrenscentre.com.au, This service is approved to continue to use an educator to child ratio of 1:5 for children from 15 months to 24 months of age.Â  This ratio applies for children from 15 months of age in place of regulation 123 (1)(a) until 31 December 2017. This service is approved to provide a rest period from 12:00pm to 2:00pm on Monday to Friday. This condition expires on 31 December 2019 (subject to the provisions of Regulation 310 (1)). This service is approved to provide education and care to children from birth up to and including school children.,95,4/4/11,Provisional â€“ Not yet assessed,Provisional â€“ Not yet assessed,Provisional â€“ Not yet assessed,Provisional â€“ Not yet assessed,Provisional â€“ Not yet assessed,Provisional â€“ Not yet assessed,Provisional â€“ Not yet assessed,Provisional â€“ Not yet assessed,http://www.cubbyhousechildrenscentre.com.au/,6 weeks -  6 years,"""6 weeks - 5 years: $82.00""",6:30am - 6:00pm,F,F,F,,,F
SE-00000095,PR-00000707,Child care,The Gap Early Childhood Centre,The Gap Early Childhood Centre Pty Ltd,The Gap Village  1000 Waterworks Road,THE GAP,QLD,4061,07 3300 2043,07 3300 2403,tgecc@samford.net, This service is approved to provide education and care to children from children from 30 months up to and including school children This service is approved to provide a rest period from 12:30pm to 2:30pm on Monday to Friday. This condition expires on 31 December 2019 (subject to the provisions of Regulation 310 (1)).,48,10/6/09,Meeting NQS,Meeting NQS,Meeting NQS,Exceeding NQS,Exceeding NQS,Exceeding NQS,Meeting NQS,Meeting NQS,,3 years - 5 years,"""3 - 5 years: $73.00""",7:00am - 6:00pm,F,F,F,,,F
SE-00000894,PR-00000533,OSHC,YMCA The Gap Outside School Hours Care,The Young Men's Christian Association of Brisbane,The Gap State School  Settlement Road,THE GAP,QLD,4061,07 3300 4792,07 3511 0010,agp@ymca.org.au, This service is approved to provide education and care to children from over preschool age including school children.,90,6/5/09,Provisional â€“ Not Yet Assessed,Provisional â€“ Not Yet Assessed,Provisional â€“ Not Yet Assessed,Provisional â€“ Not Yet Assessed,Provisional â€“ Not Yet Assessed,Provisional â€“ Not Yet Assessed,Provisional â€“ Not Yet Assessed,Provisional â€“ Not Yet Assessed,http://www.ymcachildcare.com.au/ymca-ohsc-services/brisbane-north-west/the-gap-oshc,5 - 12 years,"""BSC: $12.50, ASC: $17.50, VC: $43.00""","""BSC: 6:30 - 9:00am, ASC: 3:00 - 6:00pm, VC: 6:30am - 6:00pm""","""Breakfast, morning tea, afternoon tea""",F,F,,,F
SE-00000295,PR-00000302,Child care,Api Little Cribb Street Child Care Centre,Api Promotions Pty Ltd,Little Cribb Street  ,MILTON,QLD,4064,07 3236 2011,07 3236 2033,childcare@apiqld.com.au, This service is approved to provide a rest period from 12:15pm to 2:15pm on Monday to Friday. This condition expires on 31 December 2019 (subject to the provisions of Regulation 310 (1)). This service is approved to provide education and care to children from birth up to and including over preschool age not including school children.,75,2/2/11,Provisional â€“ Not yet assessed,Provisional â€“ Not yet assessed,Provisional â€“ Not yet assessed,Provisional â€“ Not yet assessed,Provisional â€“ Not yet assessed,Provisional â€“ Not yet assessed,Provisional â€“ Not yet assessed,Provisional â€“ Not yet assessed,,6 weeks - 5 years,"""6 weeks - 5 years: $87.00 - $73.50"" ",7:30am - 5:45pm,F,F,F,,,F
SE-00001300,PR-00008029,School hours care,C&K Paddington Kindergarten,The Creche and Kindergarten Association Limited,12 Charlotte St  ,PADDINGTON,QLD,4064,07 3369 5460,07 3369 0939,paddington@candk.asn.au, This service is approved to provide education and care to children from 36 months up to and including over preschool age not including school children.,44,4/28/10,Provisional â€“ Not yet assessed,Provisional â€“ Not yet assessed,Provisional â€“ Not yet assessed,Provisional â€“ Not yet assessed,Provisional â€“ Not yet assessed,Provisional â€“ Not yet assessed,Provisional â€“ Not yet assessed,Provisional â€“ Not yet assessed,http://www.candk.asn.au/paddington,3.5 years - 4.5 years,"""3.5 - 4.5 years: $27.00""",9:00am - 2:30pm,F,F,F,,,T
SE-00001301,PR-00008029,School hours care,C&K Rosalie Community Kindergarten And Preschool,The Creche and Kindergarten Association Limited,Cnr Nash & Elizabeth St  ,ROSALIE,QLD,4064,07 3369 5296,07 3369 5296,rosalie@candk.asn.au, This service is approved to provide education and care to children from 36 months up to and including over preschool age not including school children.,44,4/28/10,Exceeding NQS,Exceeding NQS,Exceeding NQS,Exceeding NQS,Exceeding NQS,Exceeding NQS,Exceeding NQS,Exceeding NQS,http://www.candk.asn.au/rosalie,3.5 - 4.5 years,"""3.5 - 4.5 years: $27.00""",8:40am - 2:50pm,F,F,F,,,T
SE-00002210,PR-00001064,Child care,Chatterbox Child Development and Care Centre Paddington ,Chatterbox Holdings Pty Ltd ATF Paddington Chatterbox Trust,24 Guthrie Street  ,PADDINGTON,QLD,4064,07 32175233,,paddington@chatterboxchildcare.com.au, This service is approved to continue to use an educator to child ratio of 1:5 for children from 15 months to 24 months of age.Â  This ratio applies for children from 15 months of age in place of regulation 123 (1)(a) until 31 December 2017. This service is approved to provide education and care to children from birth up to and including over preschool age. not including school children.,117,6/9/09,Provisional â€“ Not yet assessed,Provisional â€“ Not yet assessed,Provisional â€“ Not yet assessed,Provisional â€“ Not yet assessed,Provisional â€“ Not yet assessed,Provisional â€“ Not yet assessed,Provisional â€“ Not yet assessed,Provisional â€“ Not yet assessed,http://www.chatterboxchildcare.com.au,6 weeks - 5 years,"""6 weeks - 35 months: $92.00, 36 months - 5 years: $82.00""",7:00am - 6:00pm,T,T,F,,,F
SE-00001583,PR-00000250,OSHC,Jabiru Kids Petrie Terrace,Jabiru Community Youth & Children's Services Association Inc,Petrie Terrace State School  Cnr Dowse and Charlotte Street,PETRIE TERRACE,QLD,4064,07 3369 2566,,petrieterrace@jabiru.org.au, The service is approved to provide education and care before and after school only. This service is approved to provide education and care to children from over preschool age including school children.,59,9/14/09,Provisional â€“ Not Yet Assessed,Provisional â€“ Not Yet Assessed,Provisional â€“ Not Yet Assessed,Provisional â€“ Not Yet Assessed,Provisional â€“ Not Yet Assessed,Provisional â€“ Not Yet Assessed,Provisional â€“ Not Yet Assessed,Provisional â€“ Not Yet Assessed,http://www.jabiru.org.au/kids/about/petrie-terrace/,5 - 12 years,"""BSC: $12.00, ASC: $18.20, VC: $45.90""","""BSC: 6:30 - 9:00am, ASC: 2:30 - 6:00pm, VC: 6:30am - 6:00pm""",T,F,F,,,F
SE-00000689,PR-00001203,Child care,Kindy Patch Paddington,G8 Kp Pty Ltd,100 Enoggera Terrace  ,PADDINGTON,QLD,4064,07 3369 0099,07 3369 0751,paddington@kindypatch.com.au, This service is approved to continue to use an educator to child ratio of 1:5 for children from 15 months to 24 months of age.Â  This ratio applies for children from 15 months of age in place of regulation 123 (1)(a) until 31 December 2017. This service is approved to provide a rest period from 12:30pm to 2:30pm on Monday to Friday. This condition expires on 31 December 2019 (subject to the provisions of Regulation 310 (1)). This service is approved to provide education and care to children from birth up to and including school children.,75,3/14/11,Provisional â€“ Not yet assessed,Provisional â€“ Not yet assessed,Provisional â€“ Not yet assessed,Provisional â€“ Not yet assessed,Provisional â€“ Not yet assessed,Provisional â€“ Not yet assessed,Provisional â€“ Not yet assessed,Provisional â€“ Not yet assessed,http://www.kindypatch.com.au/centres/kindy-patch-paddington/,6 weeks - 6 years,"""6 weeks - $15 months: $105.00, 15 months - 2 years: $97.00, 2 years - 30 months: $95.00, 30 months - 3 years: $92.00, 3 - 5 years: $88.00""",7:00am - 6:00pm,F,F,F,,,T
SE-00001191,PR-00000247,OSHC,Milton State School Outside School Hours Care,Milton State School P&C Association,Bayswater Street  ,MILTON,QLD,4064,07 3369 3917,,admin@moshc.net, An approved alternate solution relating to Performance Criteria 18 Accessibility within SP5.4 Child Care Centres of the Queensland Development Code (with a publication date of 23 November 2005) applies to this service. This service is approved to provide education and care to children from over preschool age including school children.,131,4/8/10,Exceeding NQS,Meeting NQS,Meeting NQS,Meeting NQS,Exceeding NQS,Meeting NQS,Meeting NQS,Meeting NQS,,5 - 12 years,"""BSC: $10.00, ASC: $17.00, VC: $43.00""","""BSC: 7:00 - 8:45am, ASC: 3:00 - 6:00pm, VC: 7:00am - 6:00pm""","""Breakfast, morning tea, afternoon tea""",F,F,,,F
SE-00001269,PR-00000418,"School hours care, OSHC",Bardon Community Kindy Inc.,Bardon Community Kindy Inc.,"Bowman Park, 247 Simpsons Road",BARDON,QLD,4065,07 3369 4697,07 33694697,bardonkindy@bigpond.com, This service is approved to provide eduation and care to children from 36 months up to and including over preschool age not including school children.,50,7/26/10,Provisional â€“ Not yet assessed,Provisional â€“ Not yet assessed,Provisional â€“ Not yet assessed,Provisional â€“ Not yet assessed,Provisional â€“ Not yet assessed,Provisional â€“ Not yet assessed,Provisional â€“ Not yet assessed,Provisional â€“ Not yet assessed,http://bardonkindy.com.au/,3.5 years - 5 years,,,F,F,F,,,F
SE-00000766,PR-00000073,Child care,Communify Childcare Qld,Communify Queensland Inc,180 Jubilee Terrace  ,BARDON,QLD,4065,07 3510 2711,07 3366 7845,childcare@communify.org.au, This service is approved to provide education and care to children from children from 15 monthsÂ up to and including over preschool age not including school children This service is approved to continue to use an educator to child ratio of 1:5 for children from 15 months to 24 months of age.Â  This ratio applies for children from 15 months of age in place of regulation 123 (1)(a) until 31 December 2017.,21,3/27/11,Exceeding NQS,Exceeding NQS,Exceeding NQS,Exceeding NQS,Exceeding NQS,Exceeding NQS,Exceeding NQS,Exceeding NQS,http://www.communify.org.au/early-childhood-services/childcare-bardon/,15 months - 5 years,"""15 months - 5 years: $73.00""",8:00am - 5:30pm,F,F,F,,,F
SE-00000869,PR-00000800,OSHC,Ithaca Creek State School P&C Association OSHC,Ithaca Creek State School P&C Association,Ithaca Creek State School  Lugg Street,BARDON,QLD,4065,07 3368 1060,07 3368 1120,ithaoshc@bigpond.net.au, This service is approved to provide education and care to children from over preschool age including school children.,105,4/14/10,Exceeding NQS,Meeting NQS,Meeting NQS,Meeting NQS,Meeting NQS,Meeting NQS,Meeting NQS,Meeting NQS,https://ithacacreekss.eq.edu.au/Facilities/Outofschoolhourscare/Pages/About-OSHC.aspx,5 - 12 years,"""BSC: $10.50, ASC: $17.00, VC: $38.00""","""BSC: 7:00 - 8:45am, ASC: 3:00 - 6:00pm, VC: 7:00am - 6:00pm""","""Breakfast, morning tea, afternoon tea""",F,F,,,F
SE-00001830,PR-00000659,OSHC,PCYC SAC - Bardon,Queensland Police-Citizens Youth Welfare Association ,Bardon State School  330 Simpsons Road,BARDON,QLD,4065,no change,no change,bardonsac@pcyc.org.au, An approved alternative solution relating to Performance Criteria P18 Accessibility within SP5.4 Child Care Centres of the Queensland Development Code (with a publication date of 16 November 2007) applies to this service. This service is approved to provide education and care to children from over preschool age including school children.,50,7/13/10,Working Towards NQS,Working Towards NQS,Working Towards NQS,Meeting NQS,Working Towards NQS,Working Towards NQS,Working Towards NQS,Working Towards NQS,http://pcyc.org.au/School-Age-Care/Inala-Bardon.aspx,5 - 12 years,"""BSC: $13.00, ASC: $17.00, VC: $50.00 + $20.00 membership fee""","""BSC: 6:30 - 8:45am, ASC: 3:00 - 6:00pm, VC: 6:30am - 6:00pm""","""Breakfast, morning tea, afternoon tea""",F,F,,,T
SE-00001058,PR-00000702,OSHC,St Joseph's Bardon Outside School Hours Care,The Corporation of the Trustees of the Roman Catholic Archdiocese of Brisbane Operating Through Centacare Child Care Services ,St Josephs Bardon Primary School  The Drive,BARDON,QLD,4065,07 3369 6163,07 3369 8437,bardonoshc@bne.centacare.net.au, An approved alternate solution relating to Performance Criteria 18 Accessibilty within MP 5.4 Child Care Centres of the Queensland Development Code (with publication date of 16 November 2007) applies to this service. This service is approved to provide education and care to children from over preschool age including school children.,55,8/9/09,Provisional â€“ Not yet assessed,Provisional â€“ Not yet assessed,Provisional â€“ Not yet assessed,Provisional â€“ Not yet assessed,Provisional â€“ Not yet assessed,Provisional â€“ Not yet assessed,Provisional â€“ Not yet assessed,Provisional â€“ Not yet assessed,http://www.stjosephsbardon.qld.edu.au/About%20Us/Community/Pages/Outside-Hours-School-Care.aspx,4 - 13 years,"""BSC: $15.00, ASC: $19.00, VC: $40.00""","""BSC: 7:00 - 8:35am, ASC: 3:00 - 6:00pm, VC: 7:00am - 6:00pm""",T,F,F,,,F
SE-00000903,PR-00000533,OSHC,YMCA Rainworth Outside School Hours Care,The Young Men's Christian Association of Brisbane,Rainworth State School  185 Boundary Road,RAINWORTH,QLD,4065,07 3368 1596,07 3368 1251,arw@ymca.org.au, This service is approved to provide education and care to children from over preschool age including school children.,59,12/21/09,Provisional â€“ Not yet assessed,Provisional â€“ Not yet assessed,Provisional â€“ Not yet assessed,Provisional â€“ Not yet assessed,Provisional â€“ Not yet assessed,Provisional â€“ Not yet assessed,Provisional â€“ Not yet assessed,Provisional â€“ Not yet assessed,https://rainworthss.eq.edu.au/Facilities/Outofschoolhourscare/Pages/Outofschoolhourscare.aspx,5 - 12 years,"""BSC: $12.50, ASC: $17.50, VC: $43.00""","""BSC: 6:30 - 9:00am, ASC: 3:00 - 6:00pm, VC: 6:30am - 6:00pm""","""Breakfast, morning tea, afternoon tea""",F,F,,,F
SE-00001674,PR-00000456,OSHC,Action Factory Brisbane Boys' College,Gekco Youth and Childcare Services Pty Ltd,Brisbane Boys College  Kensington Terrace,TOOWONG,QLD,4066,07 3720 9094,07 3878 3074,actionfactory@bbc.qld.edu.au, The service is approved to provide education and care to children after school and during school holidays. This service is approved to provide education and care to children from over preschool age including school children.,45,2/2/10,Working Towards NQS,Meeting NQS,Working Towards NQS,Meeting NQS,Meeting NQS,Working Towards NQS,Working Towards NQS,Working Towards NQS,http://www.bbc.qld.edu.au/pastoral-care/outside-school-hours-care,5 - 13 years,"""ASC: $21.00, VC: $60.00""","""ASC: 2:30 - 6:00pm, VC: 7:00am - 6:00pm""",T,F,F,,,F
SE-00000434,PR-00000476,Child care,Milton Road Children's Centre,Yebomel Pty Ltd,467 Milton Rd  ,AUCHENFLOWER,QLD,4066,07 3870 0211,,miltonroadcc@optusnet.com.au, This service is approved to continue to use an educator to child ratio of 1:5 for children from 15 months to 24 months of age.Â  This ratio applies for children from 15 months of age in place of regulation 123 (1)(a) until 31 December 2017. This service is approved to provide a rest period from 12:30pm to 2:30pm on Monday to Friday. This condition expires on 31 December 2019 (subject to the provisions of Regulation 310 (1)). This service is approved to provide education and care to children from birth up to and including school children.,75,10/19/09,Provisional â€“ Not yet assessed,Provisional â€“ Not yet assessed,Provisional â€“ Not yet assessed,Provisional â€“ Not yet assessed,Provisional â€“ Not yet assessed,Provisional â€“ Not yet assessed,Provisional â€“ Not yet assessed,Provisional â€“ Not yet assessed,,6 weeks -  5 years,"""6 weeks - 2 years: $86.00, 2 - 3 years: $81.00, 3 - 5 years: $76.00""",6:30am - 6:00pm,T,T,F,,,F
SE-00001422,PR-00000383,School hours care,Montessori Children's House,Montessori Children's House Ltd,19 Wienholt Street  ,AUCHENFLOWER,QLD,4066,07 3371 7090,,childrenshouse@montessori-auchenflower.com.au, This service is  approved to provide education and care to children from 36 months up to and including over preschool age not including school children.,24,6/18/10,Provisional â€“ Not Yet Assessed,Provisional â€“ Not Yet Assessed,Provisional â€“ Not Yet Assessed,Provisional â€“ Not Yet Assessed,Provisional â€“ Not Yet Assessed,Provisional â€“ Not Yet Assessed,Provisional â€“ Not Yet Assessed,Provisional â€“ Not Yet Assessed,http://www.montessori-auchenflower.com.au/,3.5 years - 4.5 years,"""3.5 - 4.5 years: $925.00 per term + $500.00 confirmation bond (refundable) + $100.00 enrolment fee + $50.00 membership fee + $100.00 building fund + $100.00 roster levy""",8:30am - 2:30pm,F,F,F,,,F
SE-00001051,PR-00000702,OSHC,St Ignatius Outside School Hours Care,The Corporation of the Trustees of the Roman Catholic Archdiocese of Brisbane Operating Through Centacare Child Care Services ,St Ignatius School  46 Grove Street,TOOWONG,QLD,4066,07 3870 3270,07 3870 8685,toowongoshc@bne.centacare.net.au, This service is approved to provide education and care to children from over oreschool age including school children.,75,2/28/11,Provisional â€“ Not yet assessed,Provisional â€“ Not yet assessed,Provisional â€“ Not yet assessed,Provisional â€“ Not yet assessed,Provisional â€“ Not yet assessed,Provisional â€“ Not yet assessed,Provisional â€“ Not yet assessed,Provisional â€“ Not yet assessed,http://www.stignatiustoowong.qld.edu.au/parent-information/Pages/Out-of-School-Hours-Care.aspx,4 - 14 years,"""BSC: $16.00 - $20.00, ASC: $20.00 - $24.00, VC: $42.00 - $46.00""","""BSC: 7:00 - 9:00am, ASC: 2:30 - 6:00pm, VC: 7:00am - 6:00pm""","""Breakfast, afternoon tea""",F,F,,,F
SE-00000924,PR-00000677,OSHC,Toowong  Outside School Hours Care,Toowong State School P & C Association,Toowong State School  St Osyth Street,TOOWONG,QLD,4066,07 3870 9126,07 3371 7357,toowongoshc@bigpond.com, This service is approved to provide education and care to children from over preschool age including school children.,60,10/5/10,Provisional â€“ Not yet assessed,Provisional â€“ Not yet assessed,Provisional â€“ Not yet assessed,Provisional â€“ Not yet assessed,Provisional â€“ Not yet assessed,Provisional â€“ Not yet assessed,Provisional â€“ Not yet assessed,Provisional â€“ Not yet assessed,https://toowongss.eq.edu.au/Facilities/Outofschoolhourscare/Pages/Outofschoolhourscare.aspx,4.5 - 13 years,"""ASC: $13.50 - $15.00, VC: $32.00 - $38.00 + $11.00 family registration fee""","""ASC: 3:00 - 6:00pm, VC: 7:30am - 6:00pm""","""Afternoon tea""",F,F,,,F
SE-00000099,PR-00000693,Child care,Toowong Child Care Centre,The Uniting Church in Australia Property Trust (Q.),78 Sherwood Road  ,TOOWONG,QLD,4066,07 3371 2232,07 3371 7077,toowongccc@wmb.org.au, This service is approved to provide a rest period from 12:30pm to 2:00pm on Monday to Friday. This condition expires on 31 December 2019 (subject to the provisions of Regulation 310 (1)). This service is approved to provide education and care to children from birth up to and including over preschool age not including school children.,50,10/6/10,Provisional â€“ Not yet assessed,Provisional â€“ Not yet assessed,Provisional â€“ Not yet assessed,Provisional â€“ Not yet assessed,Provisional â€“ Not yet assessed,Provisional â€“ Not yet assessed,Provisional â€“ Not yet assessed,Provisional â€“ Not yet assessed,,6 months - 5 years,"""6 - 24 months: $85.00, 25 months - 5 years: $80.00""",7:30am - 5:30pm,T,T,F,,,F
SE-00002324,PR-00000677,OSHC,Toowong Outside School Hours Care - Centre 2,Toowong State School P & C Association,24 Quinn Street  ,TOOWONG,QLD,4066,07 3870 9126,,toowongoshc@bigpond.com, This service is approved to provide education and care to children from over preschool age incluidng school children.,40,10/1/10,Provisional â€“ Not Yet Assessed,Provisional â€“ Not Yet Assessed,Provisional â€“ Not Yet Assessed,Provisional â€“ Not Yet Assessed,Provisional â€“ Not Yet Assessed,Provisional â€“ Not Yet Assessed,Provisional â€“ Not Yet Assessed,Provisional â€“ Not Yet Assessed,https://toowongss.eq.edu.au/Facilities/Outofschoolhourscare/Pages/Outofschoolhourscare.aspx,4 - 14 years,"""BSC: $10.00 - $13.00, ASC: $13.50 - $15.00, VC: $32.00 - $38.00 + $11.00 family registration fee""","""BSC: 6:45 - 8:45am, ASC: 3:00 - 6:00pm, VC: 7:30am - 6:00pm""","""Breakfast, afternoon tea""",F,F,,,F
SE-00000879,PR-00000598,OSHC,Ironside Community After School Activities,Ironside Community After School Activities Group Inc,Ironside State School  2 Hawken Drive,ST LUCIA,QLD,4067,07 3870 9849,07 3870 9849,icasag@optusnet.com.au, The maximum number of children able to be provided with education and care after school is 155 The maximum number of children able to be provided with education and care before school is 45 The maximum number of children able to be provided with education and care during school holidays is 100 An approved alternate solution relating to Performance Criteria 18  Accessibility within MP5.4 Child Care Centres of the Queensland Development Code (with a publication date of 16 November 2007) applies to this service. This service is approved to provide education and care to children from over preschool age including school children.,155,4/19/09,Provisional â€“ Not yet assessed,Provisional â€“ Not yet assessed,Provisional â€“ Not yet assessed,Provisional â€“ Not yet assessed,Provisional â€“ Not yet assessed,Provisional â€“ Not yet assessed,Provisional â€“ Not yet assessed,Provisional â€“ Not yet assessed,http://icasag.com/welcome/,5 - 12 years,"""BSC: $7.00 - $8.00, ASC: $22.00 - $28.00, VC: $35.00 - $45.00""","""BSC: 7:00 - 9:00am, ASC: 3:00 - 6:00pm, VC: 7:00am - 6:00pm""",T,F,F,,,F
SE-00000521,PR-00000929,Child care,Margaret Cribb Child Care Centre,Margaret Cribb Child Care Centre Association Inc,70 Coleridge Street  ,ST LUCIA,QLD,4067,07 3365 1509,,margaret.cribb@mcccc.org.au, This service is approved to provide education and care to chlildren from birth up to and including over preschool age  not including school children.,75,4/4/10,Provisional â€“ Not Yet Assessed,Provisional â€“ Not Yet Assessed,Provisional â€“ Not Yet Assessed,Provisional â€“ Not Yet Assessed,Provisional â€“ Not Yet Assessed,Provisional â€“ Not Yet Assessed,Provisional â€“ Not Yet Assessed,Provisional â€“ Not Yet Assessed,http://www.mcccc.org.au/,6 weeks -  5 years,"""6 weeks - 35 months: $80.00, 3 - 5 years: $76.00""",7:30am - 5:30pm,F,F,F,,,F
SE-00000079,PR-00000678,Child care,Playhouse Parent and Child Care Centre,Playhouse Parent and Child Care Centre Incorporated,22 Union Road  University Of Queensland,ST LUCIA,QLD,4067,07 3377 2231,07 3377 2221,playhouse@uq.edu.au, This service is not required to comply with P1 (b) P3 (d) and P5 (f) of SP5.4: Child Care Centres of the Queensland Development Code (publication date 1 September 2003). This service is approved to provide education and care to children from birth up to and including over preschool age not including school children.,72,8/22/10,Provisional â€“ Not yet assessed,Provisional â€“ Not yet assessed,Provisional â€“ Not yet assessed,Provisional â€“ Not yet assessed,Provisional â€“ Not yet assessed,Provisional â€“ Not yet assessed,Provisional â€“ Not yet assessed,Provisional â€“ Not yet assessed,,6 weeks - 5 years,"""6 weeks - 24 months: $80.00, 2 - 3 years: $75.00, 3 - 5 years: $71.00""",7:30am - 5:30pm,T,F,F,,,F
SE-00001471,PR-00000311,School hours care,St Lucia Kindergarten,St Lucia Kindergarten Association Inc,Ironside Street  ,ST LUCIA,QLD,4067,07 3870 9213,,stluciak@bigpond.net.au, This service is approved to provide education and care to children from children from 15 months up to and including school children,44,5/24/10,Provisional â€“ Not yet assessed,Provisional â€“ Not yet assessed,Provisional â€“ Not yet assessed,Provisional â€“ Not yet assessed,Provisional â€“ Not yet assessed,Provisional â€“ Not yet assessed,Provisional â€“ Not yet assessed,Provisional â€“ Not yet assessed,http://www.stluciakindergarten.com.au/,3.5 - 4.5 years,"""3.5 - 4.5 years: $29.00 per day + $20.00 administration fee + $100.00 working bee levy""",8:40am - 2:50pm,F,F,F,,,T
SE-00001473,PR-00000075,School hours care,St Thomas's Riverview Kindergarten,St Thomas's Riverview Kindergarten Inc,186 Macquarie Street  ,ST LUCIA,QLD,4067,07 3371 1556,,strkindy@bigpond.net.au, This service is approved to provide education and care to children from 36 months up to and including over preschool age not including school children.,25,5/24/10,Exceeding NQS,Exceeding NQS,Exceeding NQS,Exceeding NQS,Exceeding NQS,Exceeding NQS,Exceeding NQS,Exceeding NQS,http://www.stthomassriverview.com.au/,3.5 - 4.5 years,"""3.5 - 4.5 years: $29.00 per day + $50.00 enrolment fee + $20.00 association fee + $100.00 building fund + $50.00 per term parent roster levy""",8:45am - 2:45pm,F,F,F,,,F
SE-00000080,PR-00000132,Child care,The Munro Centre,The Munro Centre Inc,Cnr Sir Fred Schonell Drive and Sir William MacGregor Drive  ,ST LUCIA,QLD,4067,07 3365 2840,07 3365 2840,munrocentre@uqconnect.net, This service is approved to provide education and care to children from birth up to and including over preschool age not including school children. This service has been assessed for suitability in accordance with the physical environment requirements conatined within Regulations 103-115 of the Education and Care Services National Regulations. Due to irreparable damge caused by the January 2011 floods to the service premises located at 28 Munro Street St. Lucia this service is approved to operate from the temporary premise at the address nominated above until mid 2014 when the rebuild to the new premises is scheduled to be completed.,30,6/22/10,Provisional â€“ Not yet assessed,Provisional â€“ Not yet assessed,Provisional â€“ Not yet assessed,Provisional â€“ Not yet assessed,Provisional â€“ Not yet assessed,Provisional â€“ Not yet assessed,Provisional â€“ Not yet assessed,Provisional â€“ Not yet assessed,,6 weeks - 3 years,"""6 weeks - 15 months: $95.00, 15 - 30 months: $92.00, 30months - 3 years: $88.00""",7:30am - 5:30pm,F,F,F,,,F
SE-00001515,PR-00008029,School hours care,C&K Yelangi Pre School & Kindergarten,The Creche and Kindergarten Association Limited,31 York Street  ,INDOOROOPILLY,QLD,4068,07 3371 3754,3876 8701,yelangi@candk.asn.au, This service is approved to provide education and care to children from 36 months up to and including over preschool age not including school children.,44,7/6/10,Provisional â€“ Not Yet Assessed,Provisional â€“ Not Yet Assessed,Provisional â€“ Not Yet Assessed,Provisional â€“ Not Yet Assessed,Provisional â€“ Not Yet Assessed,Provisional â€“ Not Yet Assessed,Provisional â€“ Not Yet Assessed,Provisional â€“ Not Yet Assessed,http://www.candk.asn.au/yelangi,3.5 - 4.5 years,"""3.5 - 4.5 years: $29.12 per day""",8:20am - 2:30pm,F,F,F,,,T
SE-00001812,PR-00002539,OSHC,Camp Australia - Nudgee Junior College OSHC,Camp Australia Pty Limited,Twigg Street  ,INDOOROOPILLY,QLD,4068,0450 776 873,,qldnudgee@oshccampaustralia.com.au, This service may provide education and care after school and during school holidays only. An approved alternative solution relating to Performance Criteria P18 Accessibility within SP5.4 Child Care Centres of the Queensland Development Code (with a publication date of 16 November 2007) applies to this service. This service is approved to provide education and care to children from over preschool age including school children.,80,11/18/11,Provisional â€“ Not Yet Assessed,Provisional â€“ Not Yet Assessed,Provisional â€“ Not Yet Assessed,Provisional â€“ Not Yet Assessed,Provisional â€“ Not Yet Assessed,Provisional â€“ Not Yet Assessed,Provisional â€“ Not Yet Assessed,Provisional â€“ Not Yet Assessed,http://www.campaustralia.com.au/Service/QLDNudgeeJuniorCollege/B37B,5 - 12 years,"""ASC: $16.00 - $19.00, VC: $45.00""","""ASC: 3:00 - 6:00pm, VC: 6:30am - 6:00pm""","""Breakfast, morning tea, afternoon tea""",F,F,,,T
SE-00001773,PR-40001120,Child care,Chatterbox Child Development and Care Centre - Taringa,Chatterbox Development Pty Ltd ATF Walsh Family Trust,11 Rokeby Tce  ,TARINGA,QLD,4068,07 3719 5544,,taringa@chatterboxchildcare.com.au; stephanie@chatterboxchildcare.com.au, This service is approved to continue to use an educator to child ratio of 1:5 for children from 15 months to 24 months of age.Â  This ratio applies for children from 15 months of age in place of regulation 123 (1)(a) until 31 December 2017. This service is approved to provide a rest period from 12:00pm to 2:00pm on Monday to Friday. This condition expires on 31 December 2019 (subject to the provisions of Regulation 310 (1)). This service is approved to provide education and care to children from birth up to and including school children.,75,1/27/11,Provisional â€“ Not Yet Assessed,Provisional â€“ Not Yet Assessed,Provisional â€“ Not Yet Assessed,Provisional â€“ Not Yet Assessed,Provisional â€“ Not Yet Assessed,Provisional â€“ Not Yet Assessed,Provisional â€“ Not Yet Assessed,Provisional â€“ Not Yet Assessed,http://www.chatterboxchildcare.com.au/html/_findUs.html#taringa,6 weeks - 5 years,"""6 weeks - 35 months: $87.00, 36 months - 5 years: $77.00""",7:00am - 6:00pm,T,T,F,T,F,F
SE-00001532,PR-00000256,School hours care,Chelmer Station Community Kindergarten,Chelmer Station Community Kindergarten Inc,6 Halsbury Street  ,CHELMER,QLD,4068,07 3278 1327,,admin@chelmerstationkindy.com.au,,24,8/11/11,Exceeding NQS,Exceeding NQS,Exceeding NQS,Meeting NQS,Exceeding NQS,Exceeding NQS,Meeting NQS,Exceeding NQS,http://www.chelmerstationkindy.com.au/,3.5 years - 4.5 years,"""3.5 - 4.5 years: $29.00 per day + $10.00 waitlist fee + $100.00 enrolment fee + $10.00 membership fee + $25.00 per term maintenance levy + $25.00 fundraising levy + $10.00 - $20.00 per term excursion fee""",8:30am - 2:30pm,F,F,F,,,F
SE-00000741,PR-00001129,Child care,Goodstart Early Learning Indooroopilly - Witton Road,Goodstart Early Learning Ltd,18 Witton Road  ,INDOOROOPILLY,QLD,4068,07 3378 6700,,ind@goodstart.org.au, This service is approved to provide a rest period from 12:00pm to 2:00pm on Monday to Friday. This condition expires on 31 December 2019 (subject to the provisions of Regulation 310 (1)). This service is approved to provide education and care to children from birth up to and including school children.,93,11/29/11,Provisional â€“ Not yet assessed,Provisional â€“ Not yet assessed,Provisional â€“ Not yet assessed,Provisional â€“ Not yet assessed,Provisional â€“ Not yet assessed,Provisional â€“ Not yet assessed,Provisional â€“ Not yet assessed,Provisional â€“ Not yet assessed,http://www.goodstart.org.au/centres/indooroopilly-witton-road/overview,6 weeks - 5 years,"""6 weeks - 12 months: $88.40, 13 - 24 months: $86.30, 25 - 35 months: $81.70, 3 - 5 years: $80.60""",6:30am - 6:30pm,F,F,F,F,,F
SE-00000051,PR-00001129,Child care,Goodstart Early Learning Indooroopilly - York Street,Goodstart Early Learning Ltd,45-49 York St  ,INDOOROOPILLY,QLD,4068,07 3870 9615,3870 9339,ine@goodstart.org.au, This service is approved to provide a rest period from 12:00pm to 2:00pm on Monday to Friday. This condition expires on 31 December 2019 (subject to the provisions of Regulation 310 (1)). This service is approved to provide education and care to children from birth up to and including school children.,106,11/29/11,Provisional â€“ Not yet assessed,Provisional â€“ Not yet assessed,Provisional â€“ Not yet assessed,Provisional â€“ Not yet assessed,Provisional â€“ Not yet assessed,Provisional â€“ Not yet assessed,Provisional â€“ Not yet assessed,Provisional â€“ Not yet assessed,http://www.goodstart.org.au/centres/indooroopilly-york-street/overview,6 weeks -  5 years,"""6 weeks - 12 months: $91.30, 13 - 24 months: $90.80, 25 months - 5 years: $81.50""",7:00am - 6:00pm,F,T,F,,,F
SE-00001374,PR-00000230,School hours care,Hillsdon Kindergarten,Hillsdon Kindergarten Association Inc,79 Hillsdon Road  ,TARINGA,QLD,4068,07 3870 7861,3870 4607,admin@hillsdonkindergarten.com.au, This service is approved to provide education and care to children from 36 months up to and including over preschool age not including school children.,50,5/16/10,Exceeding NQS,Exceeding NQS,Exceeding NQS,Exceeding NQS,Exceeding NQS,Exceeding NQS,Exceeding NQS,Exceeding NQS,http://www.hillsdonkindergarten.com/,3.5 years - 4.5 years,"""3.5 - 4.5 years: $700.00 - $745.00 per term + $100.00 working bee levy (refundable) + $25.00 sheet set + $2.00 association fee""",8:30am - 4:00pm,F,F,F,,,F
SE-00000951,PR-00000702,OSHC,Holy Family Parish Outside School Hours Care,The Corporation of the Trustees of the Roman Catholic Archdiocese of Brisbane Operating Through Centacare Child Care Services ,Parish Hall  37 Ward Street,INDOOROOPILLY,QLD,4068,07 3371 9369,,indooroopilly@bne.centacare.net.au, This service is approved to provide education and care to children after school and during school holidays only. This service is approved to provide education and care to children from over preschool age including school children.,59,7/19/10,Working Towards NQS,Working Towards NQS,Working Towards NQS,Meeting NQS,Meeting NQS,Working Towards NQS,Working Towards NQS,Working Towards NQS,,5 - 12 years,"""ASC: $18.00""","""ASC: 3:00 - 6:00pm, VC: 7:30am - 6:00pm""",F,F,F,,,F
SE-00000911,PR-00000593,OSHC,Indooroopilly After School Care,Indooroopilly After School Care Association Inc,Indooroopilly State School  1 Russell Terrace,INDOOROOPILLY,QLD,4068,07 3327 2334,07 3878 2091,issoshc@bigpond.com, An approved alternative solution relating to Performance Criteria P16 Electrical Safety Precautions within SP5.4 Child Care Centres of the Queensland Development Code (with a publication date of 1 November 2004). This service is approved to provide education and care to children from over preschool age including school children.,180,6/15/11,Provisional â€“ Not yet assessed,Provisional â€“ Not yet assessed,Provisional â€“ Not yet assessed,Provisional â€“ Not yet assessed,Provisional â€“ Not yet assessed,Provisional â€“ Not yet assessed,Provisional â€“ Not yet assessed,Provisional â€“ Not yet assessed,http://iasca.org.au/,3 - 12 years,"""BSC: $11.50, ASC $18.00, VC: $40.00 - $43.00 + $20.00 enrolment fee per child""","""BSC: 6:45 - 8:40am, ASC: 3:00 - 6:00pm, VC: 6:45am - 6:00pm""","""Breakfast, morning tea, lunch, afternoon tea""",F,F,,,F
SE-00001379,PR-00000155,School hours care,Indooroopilly Kindergarten and Preschool,Indooroopilly Kindergarten,376 Moggill Road  ,INDOOROOPILLY,QLD,4068,07 3378 2578,,ipillykindy@bigpond.com.au, This service is approved to provide education and care to children from 36 months up to and including over preschool age not including school children.,25,9/21/10,Provisional â€“ Not yet assessed,Provisional â€“ Not yet assessed,Provisional â€“ Not yet assessed,Provisional â€“ Not yet assessed,Provisional â€“ Not yet assessed,Provisional â€“ Not yet assessed,Provisional â€“ Not yet assessed,Provisional â€“ Not yet assessed,http://www.candk.asn.au/indooroopilly,3.5 - 4.5 years,"""3.5 - 4.5 years: $520.00 - $780.00 per term + $200.00 working bee levy (refundable)""",9:00am - 2:30pm,F,F,F,,,F
SE-00002084,PR-40001007,Child care,Indooroopilly Montessori Children's House ,Trustees of Edmund Rice Education Australia,68 Kate Street  ,INDOOROOPILLY,QLD,4068,07 3378 5371,07 3378 5391,montessori@imch.com.au, This service is approved to provide education and care to children from birth up to and including over preschool age not including school children.,165,2/4/11,Provisional â€“ Not Yet Assessed,Provisional â€“ Not Yet Assessed,Provisional â€“ Not Yet Assessed,Provisional â€“ Not Yet Assessed,Provisional â€“ Not Yet Assessed,Provisional â€“ Not Yet Assessed,Provisional â€“ Not Yet Assessed,Provisional â€“ Not Yet Assessed,http://www.imch.com.au/,6 weeks - 5 years,"""6 weeks - 5 years: $102.50 - $97.00 + $220.00 enrolment fee + $400.00 bond (refundable) + $55.00 annual membership fee""",7:30am - 6:00pm,F,F,F,,,T
SE-00002191,PR-00001044,Child care,Kids On Clarence,Acorp Pty Ltd,137-143 Clarence Road  ,INDOOROOPILLY,QLD,4068,07 3720 8600,07 3371 6774,kidsonclarence@bigpond.com, This service is approved to continue to use an educator to child ratio of 1:5 for children from 15 months to 24 months of age.Â  This ratio applies for children from 15 months of age in place of regulation 123 (1)(a) until 31 December 2017. An approved alternative solution relating to Performance Criteria P4 Sleeping facilities P8 Nappy change facilities and P13 Laundry facilities within SP5.4 Child Care Centres of the Queensland Development Code (with a publication date of 1 September 2003) applies to this service. This service is approved to provide a rest period from 12:00pm to 2:00pm on Monday to Friday. This condition expires on 31 December 2019 (subject to provisions of Regulation 310(!)). This service is approved to provide education and care to children from birth up to and including school children.,97,5/25/09,Provisional â€“ Not yet assessed,Provisional â€“ Not yet assessed,Provisional â€“ Not yet assessed,Provisional â€“ Not yet assessed,Provisional â€“ Not yet assessed,Provisional â€“ Not yet assessed,Provisional â€“ Not yet assessed,Provisional â€“ Not yet assessed,,6 weeks - 4 years,"""6 weeks - 15 months: $94.00, 15 - 30 months: $92.00, 2 - 3 years: $89.00, 3 - 4 years: $85.00 - $87.00""",7:00am - 6:00pm,F,F,F,,,F
SE-00000091,PR-00000566,Child care,Montessori Childcare Taringa,Inside Outside Montessori Children's House Pty Ltd,5 Woolley Street  ,TARINGA,QLD,4068,07 3378 4269,07 3378 0410,info@montessorichildcare.com.au, This service is approved to continue to use an educator to child ratio of 1:5 for children from 15 months to 24 months of age.Â  This ratio applies for children from 15 months of age in place of regulation 123 (1)(a) until 31 December 2017. This service is approved to provide education and care to children from children from 15 monthsÂ up to and including over preschool age not including school children,43,9/25/11,Working Towards NQS,Working Towards NQS,Working Towards NQS,Meeting NQS,Working Towards NQS,Working Towards NQS,Working Towards NQS,Working Towards NQS,http://www.montessorichildcare.com.au/taringa-home-page.html,15 months - 5 years,,7:30am - 6:00pm,,,,,,F
SE-00001204,PR-00000697,OSHC,St Peters Lutheran College Outside School Hours Care,Lutheran Church of Australia Queensland District, Lambert Road  ,INDOOROOPILLY,QLD,4068,07 3377 6533,07 3377 6257,oshc@stpeters.qld.edu.au, This service is approved to provide education and care to children from over preschool age including school children.,80,10/5/09,Working Towards NQS,Working Towards NQS,Working Towards NQS,Meeting NQS,Meeting NQS,Working Towards NQS,Working Towards NQS,Working Towards NQS,http://www.qlecs.org.au/index.php?ref=MTk0Mw==,5 - 12 years,"""BSC: $8.00, ASC: $21.00, VC: $49.00z'","""BSC: 7:00 - 8:30am, ASC: 2:30 - 6:00pm, VC: 8:00am - 6:00pm""","""Breakfast, morning tea, afternoon tea""",F,F,,,F
SE-00001476,PR-00000180,School hours care,Staverton Kindergarten,Staverton Kindergarten Association Inc,43 Twickenham Street  ,CHELMER,QLD,4068,07 3379 1511,07 3379 1120,admin@staverton.com.au,,50,3/19/10,Exceeding NQS,Exceeding NQS,Exceeding NQS,Exceeding NQS,Exceeding NQS,Exceeding NQS,Meeting NQS,Exceeding NQS,http://www.staverton.com.au/,3.5 years - 4.5 years,"""3.5 - 4.5 years: $775.00 per term $150.00 enrolment fee""",8:30am - 2:30pm,F,F,F,,,F
SE-00001052,PR-00000355,OSHC,Brisbane Montessori Outside School Hours Care,Montessori School Ltd,Brisbane Montessori School  12 Mactier Street Fig Tree Pocket Road,FIG TREE POCKET,QLD,4069,3327 0600,07 3878 3953,naomi@bms.qld.edu.au, This service is approved to provide education and care to children from over preschool age including school children.,40,8/15/11,Provisional â€“ Not yet assessed,Provisional â€“ Not yet assessed,Provisional â€“ Not yet assessed,Provisional â€“ Not yet assessed,Provisional â€“ Not yet assessed,Provisional â€“ Not yet assessed,Provisional â€“ Not yet assessed,Provisional â€“ Not yet assessed,https://www.bms.qld.edu.au/ourschool/oshc,3 - 12 years,"""BSC: $25.00, ASC: $35.00, VC: $55.00""","""BSC: 7:30 - 9:00am, ASC: 3:00 - 6:00pm, 7:30am - 6:00pm""",F,F,F,,,F
SE-00011341,PR-00000355,,Brisbane Montessori School - Programmes,Montessori School Ltd,12 Mactier Street   ,FIG TREE POCKET,QLD,4069,07 3327 0600,07 3878 3953,principal@bms.qld.edu.au, This service is approved to provide education and care to children from birth up to and including school children An approved alternate soloution relating to Performance Criteria P4 Outdoor play facilities P6 Nappy Change facilities P7 Sluicing facilities P9 Food preparation facilities P11 Play pits within MP 5.4 Child Care Centres of the Queensland Developmental Code (with publication date of 16 November 2007) applies to this service.,140,12/12/11,Provisional â€“ Not yet assessed,Provisional â€“ Not yet assessed,Provisional â€“ Not yet assessed,Provisional â€“ Not yet assessed,Provisional â€“ Not yet assessed,Provisional â€“ Not yet assessed,Provisional â€“ Not yet assessed,Provisional â€“ Not yet assessed,,,,,,,,,,
SE-00000729,PR-00000205,Child care,Brookfield Early Childhood Centre,Glengarton Pty Ltd,593A Brookfield Road  ,BROOKFIELD,QLD,4069,07 3374 0689,07 3374 0690,admin@brookfieldecc.com.au, This service is approved to continue to use an educator to child ratio of 1:5 for children from 15 months to 24 months of age.Â  This ratio applies for children from 15 months of age in place of regulation 123 (1)(a) until 31 December 2017. This service is approved to provide a rest period from 12:30pm to 2:30pm on Monday to Friday. This condition expires on 31 December 2019 (subject to the provisions of Regulation 310 (1)).,75,12/4/09,Provisional â€“ Not Yet Assessed,Provisional â€“ Not Yet Assessed,Provisional â€“ Not Yet Assessed,Provisional â€“ Not Yet Assessed,Provisional â€“ Not Yet Assessed,Provisional â€“ Not Yet Assessed,Provisional â€“ Not Yet Assessed,Provisional â€“ Not Yet Assessed,http://www.brookfieldecc.com.au/,6 weeks -  5 years,"""6 weeks - 15 months: $90.00, 15 months - 3 years: $86.00, 3 - 5 years: $84.00""",7:00am - 6:00pm,T,F,F,,,F
SE-00001317,PR-00000125,School hours care,Chapel Hill Community Preschool and Kindergarten Assoc Inc,Chapel Hill Community Preschool & Kindergarten Assoc Inc,27 Fawkner Street  ,CHAPEL HILL,QLD,4069,07 3378 2008,,chapelhillkindy@optusnet.com.au,,25,8/17/11,Provisional â€“ Not yet assessed,Provisional â€“ Not yet assessed,Provisional â€“ Not yet assessed,Provisional â€“ Not yet assessed,Provisional â€“ Not yet assessed,Provisional â€“ Not yet assessed,Provisional â€“ Not yet assessed,Provisional â€“ Not yet assessed,http://www.candk.asn.au/chapelhill,3.5 - 4.5 years,"""3.5 - 4.5 years: $720.00 - $340.00 per term + $70.00 maintenance levy per term + $10.00 activity fee""",8:30am - 2:30pm,F,F,F,,,F
SE-40000657,PR-40000598,Child care,Chapel Hill Montessori Children's House,Chapel Hill Montessori Children's House Pty Ltd ATF Chapel Hill Montessori Children's House Unit Trust,5 Cedarleigh Rd  ,KENMORE,QLD,4069,07 3378 0700,,info@chmch.com.au,,75,4/15/13,Provisional â€“ Not Yet Assessed,Provisional â€“ Not Yet Assessed,Provisional â€“ Not Yet Assessed,Provisional â€“ Not Yet Assessed,Provisional â€“ Not Yet Assessed,Provisional â€“ Not Yet Assessed,Provisional â€“ Not Yet Assessed,Provisional â€“ Not Yet Assessed,http://www.chmch.com.au/,6 weeks - 5 years,,7:00am - 6:00pm,F,F,F,,,F
SE-00000313,PR-00000107,Child care,Fig Tree Pocket Early Childhood Centre,Fig Tree Pocket Early Childhood Centre Pty Ltd,233 Fig Tree Pocket Road  ,FIG TREE POCKET,QLD,4069,07 3878 2277,3878 8277,ftpecc@bigpond.com, This service is approved to continue to use an educator to child ratio of 1:5 for children from 15 months to 24 months of age.Â  This ratio applies for children from 15 months of age in place of regulation 123 (1)(a) until 31 December 2017. This service is approved to provide a rest period from 12:00pm to 2:00pm on Monday to Friday. This condition expires on 31 December 2019 (subject to the provisions of Regulation 310 (1)).,106,12/28/09,Provisional â€“ Not Yet Assessed,Provisional â€“ Not Yet Assessed,Provisional â€“ Not Yet Assessed,Provisional â€“ Not Yet Assessed,Provisional â€“ Not Yet Assessed,Provisional â€“ Not Yet Assessed,Provisional â€“ Not Yet Assessed,Provisional â€“ Not Yet Assessed,http://ftpecc.com.au/,6 weeks - 5 years,"""6 weeks - 24 months: $84.00, 25 months - 5 years: $78.00""",7:00am - 6:00pm,F,F,F,,,T
SE-00001147,PR-00000227,OSHC,Fig Tree Pocket Outside School Hours Care,Fig Tree Pocket  State School P & C Assoc.,Fig Tree Pocket State School  78 Cubberla Street,FIG TREE POCKET,QLD,4069,07 3878 1330,07 3878 1330,ftposhc@hotmail.com, An approved alternative solution relating to Performance Criteria P18 Accessibility within MP 5.4 Child Care Centres of the Queensland Developmental Code (with a publication date of 16 November 2007) applies to this service.,80,2/1/09,Meeting NQS,Meeting NQS,Meeting NQS,Meeting NQS,Meeting NQS,Meeting NQS,Meeting NQS,Meeting NQS,,5 - 12 years,"""BSC: $8.00, ASC: $15.50, VC: $40.00""","""BSC: 7:00 - 9:00am, ASC: 3:00 - 6:00pm, VC: 7:00am - 6:00pm""","""Morning tea, afternoon tea""",F,F,,,F
SE-00001353,PR-00000601,School hours care,Gan Gani Kindergarten,Queensland Jewish Kindergarten Association Inc,691-695 Fig Tree Pocket Road  ,FIG TREE POCKET,QLD,4069,07 3378 9233,3878 5533,info@gangani.net.au,,25,5/16/10,Provisional â€“ Not yet assessed,Provisional â€“ Not yet assessed,Provisional â€“ Not yet assessed,Provisional â€“ Not yet assessed,Provisional â€“ Not yet assessed,Provisional â€“ Not yet assessed,Provisional â€“ Not yet assessed,Provisional â€“ Not yet assessed,http://www.gangani.net.au/,3.5 - 4.5 years,"""3.5 - 4.5 years: $29.85 per day""",8:45am - 2:45pm,F,F,F,,,F
SE-00000055,PR-00001129,Child care,Goodstart Early Learning Kenmore - Kersley Road,Goodstart Early Learning Ltd,49 Kersley Road  ,KENMORE,QLD,4069,07 3378 9396,07 3378 9988,ken@goodstart.org.au, This service is approved to provide a rest period from 12:00pm to 2:00pm on Monday to Friday. This condition expires on 31 December 2019 (subject to the provisions of Regulation 310 (1)).,75,11/30/11,Provisional â€“ Not yet assessed,Provisional â€“ Not yet assessed,Provisional â€“ Not yet assessed,Provisional â€“ Not yet assessed,Provisional â€“ Not yet assessed,Provisional â€“ Not yet assessed,Provisional â€“ Not yet assessed,Provisional â€“ Not yet assessed,http://www.goodstart.org.au/centres/kenmore-kersley-road/overview,6 weeks -  5 years,"""6 weeks - 12 months: $92.30, 13 - 23 months: $85.60, 3 - 4 years: $85.00, 4 - 5 years: $84.50""",6:45am - 6:15pm,T,F,F,,,F
SE-00000323,PR-00001129,Child care,Goodstart Early Learning Kenmore - Princeton Street,Goodstart Early Learning Ltd,16 Princeton Street  ,KENMORE,QLD,4069,07 3878 3537,3878 3537,kmy@goodstart.org.au, This service is approved to provide education and care to children from 15 months up to and including school children This service is approved to provide a rest period from 12:00pm to 2:00pm on Monday to Friday. This condition expires on 31 December 2019 (subject to the provisions of Regulation 310 (1)).,75,11/30/11,Provisional â€“ Not yet assessed,Provisional â€“ Not yet assessed,Provisional â€“ Not yet assessed,Provisional â€“ Not yet assessed,Provisional â€“ Not yet assessed,Provisional â€“ Not yet assessed,Provisional â€“ Not yet assessed,Provisional â€“ Not yet assessed,http://www.goodstart.org.au/centres/kenmore-princeton-street/overview,13 months - 5 years,"""13 - 24 months: $91.70, 25 months - 5 years: $87.60""",6:30 am to 6:00pm,T,F,F,,,F
SE-00001653,PR-00001129,Child care,Goodstart Early Learning Pullenvale,Goodstart Early Learning Ltd,18 Bainbridge Drive   ,PULLENVALE,QLD,4069,07 3720 0577,,pul@goodstart.org.au, This service is approved to provide a rest period from 12:00pm to 2:00pm on Monday to Friday. This condition expires on 31 December 2019 (subject to the provisions of Regulation 310 (1)).,75,11/30/11,Meeting NQS,Meeting NQS,Meeting NQS,Meeting NQS,Meeting NQS,Exceeding NQS,Exceeding NQS,Meeting NQS,http://www.goodstart.org.au/centres/pullenvale/overview,6 weeks -  6 years,"""6 weeks - 24 months: $83.00, 25 - 35 months: $77.30, 36 months - 5 years: $73.20""",7:00am - 6:00pm,F,F,F,,,F
SE-00000902,PR-00001030,OSHC,Helping Hands Chapel Hill,Helping Hands Network Pty Ltd,Chapel Hill State School  Ironbark Road,CHAPEL HILL,QLD,4069,488237011,07 5438 9549,chapelhill@helpinghandsnetwork.com.au, An approved alternative solution relating to Performance Criteria 18 Accessibility within SP 5.4 Child Care Centres of the Queensland Development Code (with a publication date of 16 November 2007) applies to this service.,90,4/27/11,Meeting NQS,Meeting NQS,Meeting NQS,Meeting NQS,Exceeding NQS,Meeting NQS,Meeting NQS,Meeting NQS,,5 - 12 years,"""BSC: $10.00, ASC: $14.00, VC: $40.00""","""BSC: 6:30 - 8:45am, ASC: 3:00 - 6:00pm, VC: 7:00am - 6:00pm""",,,,,,F
SE-00002089,PR-00000974,Child care,Kenmore & District Montessori Children's House,Kenmore & District Montessori Children's House Pty Ltd ATF Kenmore & District Montessori Children's House Unit Trust,9 Brookfield Road  ,KENMORE,QLD,4069,07 3378 1122,07 3378 3300,info@kdmch.com.au, This service is approved to continue to use an educator to child ratio of 1:5 for children from 15 months to 24 months of age.Â  This ratio applies for children from 15 months of age in place of regulation 123 (1)(a) until 31 December 2017.,75,1/29/11,Provisional â€“ Not yet assessed,Provisional â€“ Not yet assessed,Provisional â€“ Not yet assessed,Provisional â€“ Not yet assessed,Provisional â€“ Not yet assessed,Provisional â€“ Not yet assessed,Provisional â€“ Not yet assessed,Provisional â€“ Not yet assessed,http://www.kdmch.com.au/,6 weeks -  5 years,"""6 weeks - 5 years: $89.00""",7:00am - 6:00pm,T,F,F,,,F
SE-00001390,PR-00000021,School hours care,Kenmore District Kindergarten & Pre School,Kenmore District Kindergarten & Preschool Association Inc,1076 Moggill Road  ,KENMORE,QLD,4069,07 3378 2068,3378 2254,admin@kdkindy.com.au,,50,7/7/10,Provisional â€“ Not yet assessed,Provisional â€“ Not yet assessed,Provisional â€“ Not yet assessed,Provisional â€“ Not yet assessed,Provisional â€“ Not yet assessed,Provisional â€“ Not yet assessed,Provisional â€“ Not yet assessed,Provisional â€“ Not yet assessed,http://kdkindy.com.au/,3 - 4.5 years,"""3 years: $720.00 per term + $280.00 maintenance levy (part refundable) + $200.00 special activities levy + $5.00 membership fee, 3.5 - 4.5 years: $710.00 per term + $280.00 maintenance levy (part refundable) + $200.00 special activities levy + $5.00 membership fee""",8:30am - 4:45pm,F,F,F,,,F
SE-00001391,PR-00000437,School hours care,Kenmore Park Preschool and Kindergarten,Kenmore Park Preschool & Kindergarten Association Inc,982 Moggill Road  ,KENMORE,QLD,4069,07 3378 4469,3378 0979,kppk@aapt.net.au,,50,7/30/10,Provisional â€“ Not yet assessed,Provisional â€“ Not yet assessed,Provisional â€“ Not yet assessed,Provisional â€“ Not yet assessed,Provisional â€“ Not yet assessed,Provisional â€“ Not yet assessed,Provisional â€“ Not yet assessed,Provisional â€“ Not yet assessed,http://www.kenmorepark.com.au/,3.5 - 4.5 years,"""3.5 - 4.5 years: $400.00 - $895.00 per term""",8:30am - 3:30pm,F,F,F,,,F
SE-00001023,PR-00000316,OSHC,Kenmore South State School Outside School Hours Care,Kenmore South State School P&C Association,Kenmore South State School  16 Kersley Road,KENMORE,QLD,4069,07 3327 0845,07 3327 0800,oshc@ksss-pnc.org.au, An approved alternative solution relating to Performance Criteria P18 Accessibility within SP 5.4 Child Care Centres of the Queensland Development Code (with a publication date of 23 November 2005) applies to this service.  ,140,8/1/11,Provisional â€“ Not Yet Assessed,Provisional â€“ Not Yet Assessed,Provisional â€“ Not Yet Assessed,Provisional â€“ Not Yet Assessed,Provisional â€“ Not Yet Assessed,Provisional â€“ Not Yet Assessed,Provisional â€“ Not Yet Assessed,Provisional â€“ Not Yet Assessed,https://kenmoresouthss.eq.edu.au/Facilities/Outofschoolhourscare/Pages/Outofschoolhourscare.aspx,5 - 13 years,,"""BSC: 6:45 - 8:45am, ASC: 3:00 - 6:00pm, VC: 7:30am - 6:00pm""""",F,F,F,,,F
SE-00000960,PR-00000543,OSHC,Kenmore State School Outside School Hours Care,Kenmore State School P & C Association,Kenmore State School  2052 Moggill Road,KENMORE,QLD,4069,07 3327 2451,07 3327 2400,mhorw12@eq.edu.au , An approved alternative solution relating to Perfomance Criteria P18 Accessibility within SP 5.4 Child Care Centres of the Queensland Development Code (with a publication date of 23 November 2005) applies to this service,55,12/20/08,Provisional â€“ Not yet assessed,Provisional â€“ Not yet assessed,Provisional â€“ Not yet assessed,Provisional â€“ Not yet assessed,Provisional â€“ Not yet assessed,Provisional â€“ Not yet assessed,Provisional â€“ Not yet assessed,Provisional â€“ Not yet assessed,https://kenmoress.eq.edu.au/Facilities/Outofschoolhourscare/Pages/Outofschoolhourscare.aspx,5 - 13 years,"""BSC: $11.00, ASC: $16.00, VC: $40.00""","""BSC: 7:00 - 8:30am, ASC: 3:00 - 6:15pm, VC: 7:00am - 6:00pm""","""Breakfast, afternoon tea""",F,F,,,F