SE-00001392,PR-00000582,School hours care,Kenmore West Kindergarten & Preschool,Kenmore West Kindergarten & Preschool Association Inc,34 Fallbrook Street  ,KENMORE,QLD,4069,07 3378 6488,,kenmorewestkindy@bigpond.com,,25,5/24/10,Provisional â€“ Not yet assessed,Provisional â€“ Not yet assessed,Provisional â€“ Not yet assessed,Provisional â€“ Not yet assessed,Provisional â€“ Not yet assessed,Provisional â€“ Not yet assessed,Provisional â€“ Not yet assessed,Provisional â€“ Not yet assessed,http://kenmorewestkindy.asn.au/,3 - 5 years,"""3 - 5 years: $745.00 per term + $200.00 working bee levy (refundable)""",8:35am - 2:45pm,F,F,F,,,F
SE-00001544,PR-00000257,School hours care,Our Lady Of The Rosary Kindergarten,Our Lady of the Rosary  Kindergarten Association Inc.,1 Kenmore Road  ,KENMORE,QLD,4069,3720 1777,3720 1777,director@olrkindergarten.org.au,,24,1/22/11,Provisional â€“ Not yet assessed,Provisional â€“ Not yet assessed,Provisional â€“ Not yet assessed,Provisional â€“ Not yet assessed,Provisional â€“ Not yet assessed,Provisional â€“ Not yet assessed,Provisional â€“ Not yet assessed,Provisional â€“ Not yet assessed,http://www.olrkindergarten.org.au/,3.5 - 4.5 years,"""3.5 - 4.5 years: $595.00 - $770.00 per term + $50.00 administration fee + $5.00 association fee + $150.00 working bee levy + $15.00 waitlist fee""",8:30am - 4:00pm,F,F,F,,,F
SE-00000959,PR-00000702,OSHC,Our Lady Of The Rosary Outside School Hours Care,The Corporation of the Trustees of the Roman Catholic Archdiocese of Brisbane Operating Through Centacare Child Care Services ,1 Kenmore Road  ,KENMORE,QLD,4069,07 3378 8943,07 3378 8943,kenmoreoshc@bne.centacare.net.au, The maximum number of children able to be provided with education and care after school is 75 The maximum number of children able to be provided with education and care before school is 40 The maximum number of children able to be provided with education and care during school holidays is 55. An approved alternative solution relating to Performance Criteria P18 Accessibility within SP 5.4 Child Care Centres of the Queensland Developmental Code (with a publication date of 16 November 2007) applies to this service. ,75,2/3/10,Meeting NQS,Exceeding NQS,Meeting NQS,Meeting NQS,Meeting NQS,Meeting NQS,Exceeding NQS,Meeting NQS,http://www.olrkenmore.qld.edu.au/facilities/Pages/Outside-Hours-School-Care.aspx,5 - 12 years,"""BSC: $16.00 - $20.00, ASC: $20.00 - $24.00, VC: $42.00 - $46.00 + $35.00 yearly enrolment fee per family""","""BSC: 7:00 - 8:30am, ASC: 2:45 - 6:00pm, VC: 7:00am - 6:00pm""","""Morning tea, afternoon tea""",F,F,,,F
SE-00000961,PR-00000659,OSHC,PCYC Inala - Pullenvale School Age Care,Queensland Police-Citizens Youth Welfare Association ,Pullenvale State School  120 Grandview Road,PULLENVALE,QLD,4069,07 3202 9104,07 3202 0300,pullenvalesac@pcyc.org.au, An approved alternative solution relating to Performance Criteria P2 Accessibility within SP 5.4 Child Care Centres of the Queensland Developmental Code (with a publication date of 1 September 2003) applies to this service.  An approved alternative solution relating to Performance Criteria P16 Electrical Safety within SP 5.4 Child Care Centres of the Queensland Developmental Code (with a publication date of 1 September 2003) applies to this service. ,75,10/24/11,Provisional â€“ Not yet assessed,Provisional â€“ Not yet assessed,Provisional â€“ Not yet assessed,Provisional â€“ Not yet assessed,Provisional â€“ Not yet assessed,Provisional â€“ Not yet assessed,Provisional â€“ Not yet assessed,Provisional â€“ Not yet assessed,http://pcyc.org.au/School-Age-Care/Inala-Pullenvale.aspx,5 -12 years,"""BSC: $13.00, ASC: $17.00, VC: $50.00 + $20.00 membership fee""","""BSC: 6:30 - 8:45am, ASC: 3:00 - 6:00pm, 6:30am - 6:00pm""","""Breakfast, morning tea, afternoon tea""",F,F,,,T
SE-00001026,PR-00000659,OSHC,PCYC SAC - Brookfield,Queensland Police-Citizens Youth Welfare Association ,Brookfield State School  Boscombe Road,BROOKFIELD,QLD,4069,33742107,07 3374 2563,brookfieldsac@pcyc.org.au, An approved alternative solution relating to Performance Criteria P18 Accessibility within MP5.4 Child Care Centres of the Queensland Developmental Code (with a publication date of 16 November 2007) applies to this service.,80,7/11/11,Provisional â€“ Not Yet Assessed,Provisional â€“ Not Yet Assessed,Provisional â€“ Not Yet Assessed,Provisional â€“ Not Yet Assessed,Provisional â€“ Not Yet Assessed,Provisional â€“ Not Yet Assessed,Provisional â€“ Not Yet Assessed,Provisional â€“ Not Yet Assessed,http://pcyc.org.au/School-Age-Care/Inala-Brookfield.aspx,5 - 12 years,"""BSC: $13.00, ASC: $17.00, VC: $50.00 + $20.00 membership fee""","""BSC: 6:30 - 9:00am, ASC: 3:00 - 6:00pm, 6:30am - 6:00pm""","""Breakfast, morning tea, afternoon tea""",F,F,,,T
SE-00002159,PR-00000659,OSHC,PCYC SAC - Upper Brookfield,Queensland Police-Citizens Youth Welfare Association ,Upper Brookfield State School  496 Upper Brookfield Road,UPPER BROOKFIELD,QLD,4069,07 3374 3597,,upperbrookfieldsac@pcyc.org.au,,30,9/25/11,Provisional â€“ Not Yet Assessed,Provisional â€“ Not Yet Assessed,Provisional â€“ Not Yet Assessed,Provisional â€“ Not Yet Assessed,Provisional â€“ Not Yet Assessed,Provisional â€“ Not Yet Assessed,Provisional â€“ Not Yet Assessed,Provisional â€“ Not Yet Assessed,http://pcyc.org.au/School-Age-Care/Inala-Upper-Brookfield.aspx,5 - 12 years,"""BSC: $13.00, ASC: $17.00, VC: $50.00 + $20.00 membership fee""","""BSC: 6:30 - 9:00am, ASC: 3:00 - 6:00pm, 6:30am - 6:00pm""","""Breakfast, morning tea, afternoon tea""",F,F,,,T
SE-00001867,PR-00000081,Child care,Bellbowrie Early Education Centre and Preschool ,Queensland Child Care Service  Pty Ltd ATF the Queensland Child Care Service Trust No.2,3 Church Road  ,BELLBOWRIE,QLD,4070,32029100,,bellbowrie@qccs.com.au, This service is approved to continue to use an educator to child ratio of 1:5 for children from 15 months to 24 months of age.Â  This ratio applies for children from 15 months of age in place of regulation 123 (1)(a) until 31 December 2017. This service is approved to provide a rest period from 12:00pm to 2:00pm on Monday to Friday. This condition expires on 31 December 2019 (subject to the provisions of Regulation 310 (1)).,119,1/25/11,Exceeding NQS,Exceeding NQS,Meeting NQS,Exceeding NQS,Exceeding NQS,Exceeding NQS,Exceeding NQS,Exceeding NQS,http://www.qccs.com.au/skins/qccs/pages/centredetails.aspx?code=2&name=Bellbowrie+Early+Education+Centre+%26+Pre-school,6 weeks - 5 years,,6:15am - 6:15pm,T,F,F,,,F
SE-00001275,PR-00000186,School hours care,Bellbowrie Kindergarten and Preschool,Bellbowrie Kindergarten & Preschool Association Inc,47 Birkin Road  ,BELLBOWRIE,QLD,4070,07 3202 6626,3202 6626,bellbowriekindy@iinet.net.au,,25,2/24/10,Exceeding NQS,Exceeding NQS,Exceeding NQS,Exceeding NQS,Exceeding NQS,Exceeding NQS,Exceeding NQS,Exceeding NQS,http://www.candk.asn.au/bellbowrie,3.5 - 5.5 years,"""3.5 - 5.5 years: $750.00 per term + $100.00 building fund + $150.00 maintenance roster (partly refundable) + $22.00 yearly association membership fee + $33.00 per term fundraising levy + $140.00 confirmation fee (partly refundable) + $22.00 waitlist fee""",8:30am - 2:30pm,F,F,F,,,F
SE-00001159,PR-00000333,OSHC,Moggill Outside School Hours Care,Moggill State School P&C Association,Moggill State School  3417 Moggill Road,MOGGILL,QLD,4070,07 3202 5599,07 3202 0400,moggilloshc@bigpond.com, An approved alternative solution relating to Performance criteria P18 Accessibilty with SP5.4 Child Care Centres of the Queensland Development Code (with a publication date of 16 Novemeber 2007) applies to this service.,138,5/17/11,Meeting NQS,Meeting NQS,Meeting NQS,Meeting NQS,Meeting NQS,Meeting NQS,Meeting NQS,Meeting NQS,http://www.moggillss.eq.edu.au/Parent_information/OSHC/oshc.html,5 - 12 years,"""BSC: $8.00, ASC: $12.00, VC: $28.00 + $20.00 yearly family fee""","""BSC: 6:30 - 9:00am, ASC: 3:00 - 6:15pm, VC: 7:00am - 6:15pm""","""Breakfast, afternoon tea""",F,F,,,F
SE-00000744,PR-00000157,Child care,Mother Duck Child Care and Preschool (Bellbowrie),Mother Duck (Bellbowrie) Pty Ltd,38 Sugarwood Street  ,BELLBOWRIE,QLD,4070,07 3202 8844,,bellbowrie@motherduck.com.au, This service is approved to continue to use an educator to child ratio of 1:5 for children from 15 months to 24 months of age.Â  This ratio applies for children from 15 months of age in place of regulation 123 (1)(a) until 31 December 2017. An approved alternate solution relating to Performance Criteria P4 Outdoor play facilities within SP5.4 Child Care Centres of the Queensland Development Code (with a publication date of 23 November 2005) applies to this service. There will be an outdoor area identified on the plans provided adjacent to the room catering for the 2 to 3 years group measuring no more than 3.733 metres across where the width of the playground will be less than the required minimum of 4 metres wide. The area is described as being approximately 3.7 wide. This service is approved to provide a rest period from 12:30pm to 2:30pm on Monday to Friday. This condition expires on 31 December 2019 (subject to the provisions of Regulation 310 (1)).,103,1/20/11,Provisional â€“ Not yet assessed,Provisional â€“ Not yet assessed,Provisional â€“ Not yet assessed,Provisional â€“ Not yet assessed,Provisional â€“ Not yet assessed,Provisional â€“ Not yet assessed,Provisional â€“ Not yet assessed,Provisional â€“ Not yet assessed,http://www.motherduck.com.au/our-centres/bellbowrie,6 weeks - 5 years,"""6 weeks - 35 months: $72.50, 3 - 5 years: $68.50""",6:30am - 6:30pm,F,F,F,,,F
SE-00001818,PR-00000760,Child care,Young Einstein Discovery Preschool,Mrs Jasu Kara,457 Mt Crosby Road  ,ANSTEAD,QLD,4070,07 3202 5098,07 3202 5495,youngeinstein@westnet.com, This service is approved to provide education and care to children from 30 months up to and including over preschool age not including school children An approved alternative solution relating to Performance Criteria P14 Cleaner's facilities within SP 5.4 Child Care Centres of the Queensland Development Code (with a publication date of 1 September 2003) applies to this service.  ,19,9/6/11,Exceeding NQS,Exceeding NQS,Exceeding NQS,Exceeding NQS,Exceeding NQS,Exceeding NQS,Exceeding NQS,Exceeding NQS,,3 - 5 years,,8:00am - 4:00pm,,,,,,F
SE-00000078,PR-00000288,Child care,Campus Kindergarten & Day Care,Campus Kindergarten Ltd,Building 73 College Road  ,UNIVERSITY OF QUEENSLAND,QLD,4072,07 3365 3894,3365 4420,campus.kindergarten@uq.edu.au, This service is approved to provide education and care to children from children from 30 months up to and including over preschool age not including school children,65,8/3/11,Provisional â€“ Not Yet Assessed,Provisional â€“ Not Yet Assessed,Provisional â€“ Not Yet Assessed,Provisional â€“ Not Yet Assessed,Provisional â€“ Not Yet Assessed,Provisional â€“ Not Yet Assessed,Provisional â€“ Not Yet Assessed,Provisional â€“ Not Yet Assessed,http://campuskindergarten.org.au/,2 - 5 years,"""25 - 35 months: $84.00, 3 - 5 years: $79.00""",7:50am - 5:30pm,F,F,F,,,F
SE-00001690,PR-00000984,Child care,Creative Garden Early Learning Centre Sinnamon Park A,WTT Holdings Pty Ltd ATF WTT Unit Trust,27 Goggs Rd  ,SINNAMON PARK,QLD,4073,07 3715 7050,07 3715 7009,sinnamonpark@creativegarden.com.au, This service is approved to continue to use an educator to child ratio of 1:5 for children from 15 months to 24 months of age.Â  This ratio applies for children from 15 months of age in place of regulation 123 (1)(a) until 31 December 2017. This service is approved to provide a rest period from 12:30pm to 2:30pm on Monday to Friday. This condition expires on 31 December 2019 (subject to the provisions of Regulation 310 (1)).,97,3/24/10,Provisional â€“ Not yet assessed,Provisional â€“ Not yet assessed,Provisional â€“ Not yet assessed,Provisional â€“ Not yet assessed,Provisional â€“ Not yet assessed,Provisional â€“ Not yet assessed,Provisional â€“ Not yet assessed,Provisional â€“ Not yet assessed,http://www.creativegarden.com.au/index.php?page=sinnamon-park,6 weeks -  5 years,"""6 weeks - 24 months: $100.00, 25 - 35 months: $98.00, 36 months - 5 years: $92.00""",6:00am - 6:00pm,T,T,F,,,T
SE-00000706,PR-00001129,Child care,Goodstart Early Learning Sinnamon Park,Goodstart Early Learning Ltd,50 Oldfield Road  ,SINNAMON PARK,QLD,4073,07 3376 2200,07 3376 2511,sin@goodstart.org.au, This service is approved to provide a rest period from 12:00pm to 2:00pm on Monday to Friday. This condition expires on 31 December 2019 (subject to the provisions of Regulation 310 (1)).,74,11/30/11,Working Towards NQS,Exceeding NQS,Working Towards NQS,Meeting NQS,Working Towards NQS,Exceeding NQS,Exceeding NQS,Working Towards NQS,http://www.goodstart.org.au/centres/sinnamon-park/overview,6 weeks -  5 years,"""6 weeks - 24 months: $89.10, 25 months - 5 years: $81.40""",6:15am - 6:15pm,T,F,F,T,,F
SE-00000716,PR-00000894,Child care,Centenary Child Care & Early Education Centre ,Centenary Child Care & Early Education Centre Pty Ltd,15 Loffs Road  ,MOUNT OMMANEY,QLD,4074,07 3279 4448,3376 8904,info@centenarychildcare.com.au, This service is approved to exceed the approved number of places during the period from Monday to Friday between the hours of 3:00pm to 5:00pm when it is 226 children This service is approved to continue to use an educator to child ratio of 1:5 for children from 15 months to 24 months of age.Â  This ratio applies for children from 15 months of age in place of regulation 123 (1)(a) until 31 December 2017. This service is approved to provide a rest period from 12:30pm to 2:30pm on Monday to Friday. This condition expires on 31 December 2019 (subject to the provisions of Regulation 310 (1)).,225,5/14/11,Provisional â€“ Not yet assessed,Provisional â€“ Not yet assessed,Provisional â€“ Not yet assessed,Provisional â€“ Not yet assessed,Provisional â€“ Not yet assessed,Provisional â€“ Not yet assessed,Provisional â€“ Not yet assessed,Provisional â€“ Not yet assessed,www.centenarychildcare.com.au,6 weeks - 5 years,,6:30am - 6:30pm,T,F,F,,,F
SE-00001316,PR-00000697,"School hours care, OSHC",Centenary Christian Kindergarten and Preschool,Lutheran Church of Australia Queensland District,10 Beanland Street  ,MIDDLE PARK,QLD,4074,07 3279 3351,3279 5642,cck.office@icloud.com,,49,5/12/11,Meeting NQS,Exceeding NQS,Exceeding NQS,Exceeding NQS,Exceeding NQS,Exceeding NQS,Exceeding NQS,Exceeding NQS,http://www.centenarychristiankindergarten.org/,3.5 - 4.5 years,"""3.5 - 4.5 years kindergarten : $710.00 per term + $100.00 enrolment fee + $10.00 waitlist fee, 3.5 - 4.5 years BSC: $10.00 - $12.00, ASC: $18.50 - $20.50, VC: $45.00 ""","""Kindergarten: 8:30am - 2:30pm, BSC: 7:00 - 8:30am, ASC: 2:30 - 5:30pm, VC: 7:00am - 5:30pm """,F,F,F,,,F
SE-00000793,PR-00000703,Child care,Centenary Family Day Care,Churches of Christ In Queensland Churches of Christ Care,17 Intrepid Street  ,JAMBOREE HEIGHTS,QLD,4074,07 3279 0117,3279 1142,sue.stephens@cofcqld.com.au,,0,6/29/11,Meeting NQS,Meeting NQS,Exceeding NQS,Exceeding NQS,Exceeding NQS,Exceeding NQS,Exceeding NQS,Exceeding NQS,http://careearlychildhood.com.au/family/,6 weeks - 5 years,"""6 weeks - 5 years: $5.50 - $9.50 per hour""",,F,F,F,,,F
SE-00000366,PR-00000962,Child care,Chatterbox Child Development and Care Centre - Jindalee,Chatterbox Jindalee Pty Ltd ATF Chatterbox Jindalee Trust,110 Burrendah Road  ,JINDALEE,QLD,4074,07 3279 3133,3712 0229,jindalee@chatterboxchildcare.com.au, This service is approved to continue to use an educator to child ratio of 1:5 for children from 15 months to 24 months of age.Â  This ratio applies for children from 15 months of age in place of regulation 123 (1)(a) until 31 December 2017. This service is approved to provide a rest period from 12:00pm to 2:00pm on Monday to Friday. This condition expires on 31 December 2019 (subject to the provisions of Regulation 310 (1)). This service is approved to provide education and care to children from birth up to and including school children,74,1/26/10,Meeting NQS,Exceeding NQS,Exceeding NQS,Exceeding NQS,Exceeding NQS,Exceeding NQS,Exceeding NQS,Exceeding NQS,www.chatterboxchildcare.com.au,6 weeks - 5 years,"""6 weeks - 35 months: $82.00, 3 - 5 years: $76.00""",7:00am - 6:00pm,T,T,F,,,F
SE-00001551,PR-00000697,OSHC,Goodnews Lutheran OSHC,Lutheran Church of Australia Queensland District,49 Horizon Drive  ,MIDDLE PARK,QLD,4074,07 3376 4444,07 3279 4899,oshc@goodnews.qld.edu.au,,100,3/30/11,Provisional â€“ Not yet assessed,Provisional â€“ Not yet assessed,Provisional â€“ Not yet assessed,Provisional â€“ Not yet assessed,Provisional â€“ Not yet assessed,Provisional â€“ Not yet assessed,Provisional â€“ Not yet assessed,Provisional â€“ Not yet assessed,http://www.goodnews.qld.edu.au/schoolweb/gnoshc.php,,"""BSC: $12.00 - $14.00, ASC: $16.00 - $18.00, VC: $42.00 - $48.00 + $15.00 excursion fee""","""BSC: 6:45 - 8:15am, ASC: 2:30 - 6:00pm, VC: 7:00am - 6:00pm""","""Breakfast, morning tea, afternoon tea""",F,F,,,F
SE-00000052,PR-00001129,Child care,Goodstart Early Learning Jindalee,Goodstart Early Learning Ltd,100 Burrendah Road  ,JINDALEE,QLD,4074,07 3376 1173,3841 5211,jin@goodstart.org.au, This service is approved to provide a rest period from 12:00pm to 2:00pm on Monday to Friday. This condition expires on 31 December 2019 (subject to the provisions of Regulation 310 (1)).,75,2/5/11,Meeting NQS,Meeting NQS,Meeting NQS,Meeting NQS,Meeting NQS,Meeting NQS,Meeting NQS,Meeting NQS,http://www.goodstart.org.au/centres/jindalee/overview,6 weeks -  5 years,"""6 weeks - 12 months: $85.70, 13 - 24 months: $83.30, 25 months - 5 years: $79.60""",6:00am - 6:00pm,T,F,F,,,F
SE-00000735,PR-00001129,Child care,Goodstart Early Learning Middle Park,Goodstart Early Learning Ltd,94 Horizon Drive  ,MIDDLE PARK,QLD,4074,07 3376 5866,,mid@goodstart.org.au, This service is approved to provide a rest period from 12:00pm to 2:00pm on Monday to Friday. This condition expires on 31 December 2019 (subject to the provisions of Regulation 310 (1)).,75,11/30/11,Meeting NQS,Meeting NQS,Meeting NQS,Meeting NQS,Meeting NQS,Exceeding NQS,Meeting NQS,Meeting NQS,http://www.goodstart.org.au/centres/middle-park/overview,6 weeks -  5 years,"""6 weeks - 24 months: $88.80, 25 months - 5 years: $79.00""",7:00am - 6:00pm,T,F,F,T,,F
SE-00001386,PR-00000382,School hours care,Jamboree Community Kindergarten Inc,Jamboree Community Kindergarten Inc,61 Beanland Street  ,JAMBOREE HEIGHTS,QLD,4074,07 3376 1556,3376 1105,jamboree.kindy@gmail.com,,50,7/1/11,Provisional â€“ Not yet assessed,Provisional â€“ Not yet assessed,Provisional â€“ Not yet assessed,Provisional â€“ Not yet assessed,Provisional â€“ Not yet assessed,Provisional â€“ Not yet assessed,Provisional â€“ Not yet assessed,Provisional â€“ Not yet assessed,http://www.jamboreekindy.com/,3.5 - 5.5 years,"""3.5 - 5.5 years: $695.00 per term + $50.00 parent roster fee (refundable) + $100.00 working bee levy + $10.00 waitlist fee""",8:30am - 2:40pm,F,F,F,,,F
SE-00001186,PR-00000146,OSHC,Jamboree Heights State School Outside School Hours Care,Jamboree Heights State School P&C Association,35 Beanland Street  ,JAMBOREE HEIGHTS,QLD,4074,07 37255645,07 3376 3675,jhoshc@bigpond.com, An approved alternative solution relating to Performance Criteria P18 Accessibility within MP5.4 of the Queensland Developmental Code (with a publication date of 16 November 2007) applies to this service,200,4/20/09,Meeting NQS,Meeting NQS,Meeting NQS,Meeting NQS,Meeting NQS,Meeting NQS,Meeting NQS,Meeting NQS,https://jambheigss.eq.edu.au/Facilities/Outofschoolhourscare/Pages/Outofschoolhourscare.aspx,4 - 12 years,"""BSC: $10.00, ASC: $15.00, VC: $35.00 - $58.00""","""BSC: 6:30 - 9:00am, ASC: 3:00 - 6:30pm, VC: 6:30am - 6:30pm""",,,,,,F
SE-00000922,PR-00000255,OSHC,Jindalee School Age Care Program,Jindalee State School P&C Association,Jindalee State School  114 Burrendah Road,JINDALEE,QLD,4074,07 3279 2902,07 3376 1280,jindaleesacp@gmail.com, An approved alternate solution relating to Performance Criteria P18 Accessibility within SP5.4 Child Care Centres of the Queensland Developmental Code (with a publication date of 16 November 2007) applies to this servie,200,5/22/09,Provisional â€“ Not yet assessed,Provisional â€“ Not yet assessed,Provisional â€“ Not yet assessed,Provisional â€“ Not yet assessed,Provisional â€“ Not yet assessed,Provisional â€“ Not yet assessed,Provisional â€“ Not yet assessed,Provisional â€“ Not yet assessed,http://jindaleesacp.com.au/,5 - 12 years,"""BSC: $8.00, ASC: $12.00 - $15.00, VC: $34.00""","""BSC: 7:00 - 9:00am, ASC: 3:00 - 6:00pm, VC: 7:00am - 6:00pm""","""Breakfast, afternoon tea""",F,F,,,F
SE-00000962,PR-00000597,OSHC,Middle Park State School Outside School Hours Care,Middle Park State School P & C Association,Middle Park State School  Mcfarlane Street,MIDDLE PARK,QLD,4074,37155700,,oshc@middleparkschool.com,,150,2/22/10,Exceeding NQS,Exceeding NQS,Exceeding NQS,Exceeding NQS,Exceeding NQS,Exceeding NQS,Exceeding NQS,Exceeding NQS,http://www.mpsspnc.com/Outside-School-Hours-Care.html,5 - 12 years,"""BSC: $10.00 - $12.00, ASC: $15.00 - $19.00, VC: $36.00""","""BSC: 6:45 - 8:30am, ASC: 3:00 - 6:00pm, VC: 6:45am - 6:00pm""","""Afternoon tea""",F,F,,,F
SE-00000076,PR-00000304,"Child care, OSHC",Riverhills Child Care Centre & Kindergarten,Riverhills Care Pty Limited,20 Bogong Street  ,RIVERHILLS,QLD,4074,07 3376 1665,07 3376 1665,riverhillsccc@gmail.com, This service is approved to continue to use an educator to child ratio of 1:5 for children from 15 months to 24 months of age.Â  This ratio applies for children from 15 months of age in place of regulation 123 (1)(a) until 31 December 2017. This service is approved to provide a rest period from 12:30pm to 2:00pm on Monday to Friday. This condition expires on 31 December 2019 (subject to the provisions of Regulation 310 (1)).,54,1/31/11,Provisional â€“ Not Yet Assessed,Provisional â€“ Not Yet Assessed,Provisional â€“ Not Yet Assessed,Provisional â€“ Not Yet Assessed,Provisional â€“ Not Yet Assessed,Provisional â€“ Not Yet Assessed,Provisional â€“ Not Yet Assessed,Provisional â€“ Not Yet Assessed,http://www.riverhillscck.com/,15 months - 12 years,"""15 months - 2 years: $79.00, 2 - 3 years: $73.00, 3 - 6 years: $73.00; 5 - 12 years BSC: $24.00, 5 - 12 years ASC: $24.00, 5 - 12 years VC: $54.00 """,6:30am - 6:30pm,T,F,F,,,F
SE-40000796,PR-00000533,School hours care,Y-West Limited Hours Care,The Young Men's Christian Association of Brisbane,76 Andaman St  ,JAMBOREE HEIGHTS,QLD,4074,733764266,,ywest@ymca.org.au, The service is approved to provide education and care to children from 24 months up to and over preschool age not including school children. This service is approved to operate for 20 hours or less a week.,30,1/1/12,Provisional â€“ Not Yet Assessed,Provisional â€“ Not Yet Assessed,Provisional â€“ Not Yet Assessed,Provisional â€“ Not Yet Assessed,Provisional â€“ Not Yet Assessed,Provisional â€“ Not Yet Assessed,Provisional â€“ Not Yet Assessed,Provisional â€“ Not Yet Assessed,http://www.ymcachildcare.com.au/ymca-child-care-services/limited-hours-care,2 - 5 years,"""2 - 5 years 2 hour session: $13.50, 2 - 5 years 4 hour session: $27.00""",10:45am - 2:45pm,F,F,F,,,F
SE-40000759,PR-00000533,OSHC,Y-West Vacation Care,The Young Men's Christian Association of Brisbane,76 Andaman St  ,JAMBOREE HEIGHTS,QLD,4074,733764266,732795492,ywest@ymca.org.au, This service is approved to provide education and care to children during school holidays only. This service is approved to provide education and care to children from over preschool age including school children. The service is approved under Regulation 108(5) to include an area of indoor space in calculatng the outdoor space for the purpose of Regulation 108(2) . This area is therefore excluded from the calculaton of indoor space.,100,9/17/12,Provisional â€“ Not Yet Assessed,Provisional â€“ Not Yet Assessed,Provisional â€“ Not Yet Assessed,Provisional â€“ Not Yet Assessed,Provisional â€“ Not Yet Assessed,Provisional â€“ Not Yet Assessed,Provisional â€“ Not Yet Assessed,Provisional â€“ Not Yet Assessed,,5 - 15 years,"""5 - 15 years: $41.50 - $56.50""",7:00am - 6:00pm,F,F,F,,,F
SE-00000384,PR-00008029,Child care,C&K Yuingi Community Child Care Centre,The Creche and Kindergarten Association Limited,Cliveden Avenue  ,OXLEY,QLD,4075,07 3278 2092,no fax facility,yuingi@candk.asn.au, This service is approved to continue to use an educator to child ratio of 1:5 for children from 15 months to 24 months of age. This ratio applies for children from 15 months of age in place of regulation 123(1)(a) until 31 December 2017.,70,8/15/10,Exceeding NQS,Exceeding NQS,Meeting NQS,Exceeding NQS,Meeting NQS,Exceeding NQS,Exceeding NQS,Exceeding NQS,http://www.candk.asn.au/yuingi,6 weeks -  5 years,"""6 weeks - 2 years: $87.40, 2 - 5 years: $85.30 + $100.00 enrolment fee""",7:00am - 6:00pm,F,F,F,,,T
SE-00000991,PR-00006557,OSHC,Camp Australia - St Aidan's Anglican Girls School OSHC,The Camp Australia Foundation Ltd,11 Ruthven Street  ,CORINDA,QLD,4075,07 3373 5944,07 3373 5971,qldstaidens@oshccampaustralia.com.au,,30,11/29/11,Provisional â€“ Not yet assessed,Provisional â€“ Not yet assessed,Provisional â€“ Not yet assessed,Provisional â€“ Not yet assessed,Provisional â€“ Not yet assessed,Provisional â€“ Not yet assessed,Provisional â€“ Not yet assessed,Provisional â€“ Not yet assessed,http://www.campaustralia.com.au/Service.aspx?s=QLDStAidansAnglicanGirlsSchool&tokenCode=A37B,5 - 12 years,"""BSC: $11.87 - $16.87, ASC: $21.96 - $26.96, VC: $51.00""","""BSC: 7:00 - 8:30am, ASC: 3:00 - 6:00pm, VC: 7:00am - 6:00pm""","""Breakfast, morning tea, afternoon tea""",F,F,,,T
SE-00001216,PR-00000102,OSHC,Chelmer/Graceville Kids Activities Group,Chelmer Kids' Activities Group Inc,Graceville State School  44 Park Road,GRACEVILLE,QLD,4075,07 3278 2253,07 3278 2122,cgkag@bigpond.com,,150,7/1/11,Provisional â€“ Not yet assessed,Provisional â€“ Not yet assessed,Provisional â€“ Not yet assessed,Provisional â€“ Not yet assessed,Provisional â€“ Not yet assessed,Provisional â€“ Not yet assessed,Provisional â€“ Not yet assessed,Provisional â€“ Not yet assessed,,5 - 12 years,,"""BSC: 7:00 - 9:00am, ASC: 3:00 - 6:00pm, VC: 7:00am - 6:00pm""",,,,,,F
SE-00001320,PR-00000165,School hours care,Chelmer-Graceville Kindergarten and Pre-School,Chelmer-Graceville Kindergarten Inc,40 Acacia Avenue  ,GRACEVILLE,QLD,4075,07 3379 3228,3379 3228,cgkindy@aapt.net.au ,,25,9/19/11,Meeting NQS,Exceeding NQS,Exceeding NQS,Meeting NQS,Exceeding NQS,Meeting NQS,Meeting NQS,Meeting NQS,http://www.candk.asn.au/chelmergraceville,3.5 - 4.5 years,"""3.5 - 4.5 years: $29.00""",8:25am - 2:35pm,F,F,F,,,F
SE-00001333,PR-00000489,School hours care,Corinda Christian Kindergarten and Preschool,Corinda Christian Kindergarten & Preschool Association Inc,4 Clewley Street  ,CORINDA,QLD,4075,07 3379 6527,,admin@corindachristiankindy.asn.au,,25,4/6/10,Provisional â€“ Not yet assessed,Provisional â€“ Not yet assessed,Provisional â€“ Not yet assessed,Provisional â€“ Not yet assessed,Provisional â€“ Not yet assessed,Provisional â€“ Not yet assessed,Provisional â€“ Not yet assessed,Provisional â€“ Not yet assessed,http://www.corindachristiankindy.asn.au/,3.5 - 4.5 years,"""3.5 - 4.5 years: $700.00 per term + $100.00 enrolment fee + $20.00 waitlist fee + $20.00 portfolio fee + $100.00 maintenance fee per term + $0.50 membership fee""",8:45am - 2:45pm,F,F,F,,,F
SE-00001880,PR-00000702,OSHC,Corinda Graceville Parish OSHC - Corinda,The Corporation of the Trustees of the Roman Catholic Archdiocese of Brisbane Operating Through Centacare Child Care Services ,18 Clewley Street   ,CORINDA,QLD,4075,07 3278 5606,,corindaoshc@bne.centacare.net.au, An approved alternative solution relating to Performance Criteria P16 Electrical safety precautions and P17 Equipment and chemical safety untempered tap in kitchen within SP5.4 - Child Care Centres of the Queensland Development Code (with a publication date of 1 November 2004) applies to this service.,90,7/4/11,Provisional â€“ Not Yet Assessed,Provisional â€“ Not Yet Assessed,Provisional â€“ Not Yet Assessed,Provisional â€“ Not Yet Assessed,Provisional â€“ Not Yet Assessed,Provisional â€“ Not Yet Assessed,Provisional â€“ Not Yet Assessed,Provisional â€“ Not Yet Assessed,,5 - 12 years,"""BSC: $14.00, ASC: $17.00, VC: $38.00""","""BSC: 7:00 - 8:30am, ASC: 3:00 - 6:00pm, VC: 7:00am - 6:00pm""","""Breakfast, afternoon tea""",F,F,,,F
SE-00000610,PR-00001129,Child care,Goodstart Early Learning Oxley - Oxley Road,Goodstart Early Learning Ltd,1106 Oxley Road  ,OXLEY,QLD,4075,07 3278 0111,,oxl@goodstart.org.au, This service is approved to provide education and care to children from 15 months up to and including school children This service is approved to provide a rest period from 12:00pm to 2:00pm on Monday to Friday. This condition expires on 31 December 2019 (subject to the provisions of Regulation 310 (1)).,75,11/30/11,Exceeding NQS,Exceeding NQS,Meeting NQS,Exceeding NQS,Exceeding NQS,Exceeding NQS,Exceeding NQS,Exceeding NQS,http://www.goodstart.org.au/centres/oxley/overview,15 months - 6 years,"""15 - 24 months: $84.70, 25 months - 6 years: $77.60""",7:00am - 6:00pm,T,T,F,T,,F
SE-00001740,PR-00001129,Child care,Goodstart Early Learning Seventeen Mile Rocks,Goodstart Early Learning Ltd,292-308 Seventeen Mile Rocks Road  ,OXLEY,QLD,4075,07 3375 9200,07 3236 3677,cnr@goodstart.org.au, This service is approved to provide a rest period from 12:00pm to 2:00pm on Monday to Friday. This condition expires on 31 December 2019 (subject to the provisions of Regulation 310 (1)).,75,11/30/11,Provisional â€“ Not yet assessed,Provisional â€“ Not yet assessed,Provisional â€“ Not yet assessed,Provisional â€“ Not yet assessed,Provisional â€“ Not yet assessed,Provisional â€“ Not yet assessed,Provisional â€“ Not yet assessed,Provisional â€“ Not yet assessed,http://www.goodstart.org.au/centres/seventeen-mile-rocks/overview,6 weeks -  5 years,"""6 weeks - 24 months: $89.30, 25 - 35 months: $83.70, 3 - 5 years: $82.70""",6:30am - 6:30pm,T,T,F,T,,F
SE-00000047,PR-00000702,Child care,Julia Cumming Community Child Care Centre,The Corporation of the Trustees of the Roman Catholic Archdiocese of Brisbane Operating Through Centacare Child Care Services ,12 Addison Road  ,GRACEVILLE,QLD,4075,07 3379 3069,3379 8326,dir.gracevilleldc@bne.centacare.net.au,,44,3/26/10,Provisional â€“ Not yet assessed,Provisional â€“ Not yet assessed,Provisional â€“ Not yet assessed,Provisional â€“ Not yet assessed,Provisional â€“ Not yet assessed,Provisional â€“ Not yet assessed,Provisional â€“ Not yet assessed,Provisional â€“ Not yet assessed,,6 weeks - 5 years,"""6 weeks - 24 months: $79.40, 25 - 35 months: $72.50, 3 - 5 years: $69.00""",7:00am - 6:00pm,"""Morning tea, afternoon tea""",F,F,,,F
SE-00000365,PR-00000919,Child care,Little Ted's Child Care Centre - Oxley,Child Care Enterprises Pty Ltd ATF The Little Ted's Unit Trust,20 Ellen Street  ,OXLEY,QLD,4075,07 3379 2177,,oxley@littleteds.com.au, This service is approved to continue to use an educator to child ratio of 1:5 for children from 15 months to 24 months of age.Â  This ratio applies for children from 15 months of age in place of regulation 123 (1)(a) until 31 December 2017. This service is approved to provide education and care to children from 15 months up to and including school children This service is approved to provide a rest period from 12:00pm to 2:00pm on Monday to Friday. This condition expires on 31 December 2019 (subject to the provisions of Regulation 310 (1)).,40,12/17/10,Meeting NQS,Meeting NQS,Meeting NQS,Exceeding NQS,Exceeding NQS,Exceeding NQS,Meeting NQS,Meeting NQS,www.littleteds.com.au,15 months - 5 years,"""15 months - 3 years: $70.00, 3 - 5 years: $69.00""",6:30am - 6:30pm,F,F,F,,,F
SE-00001985,PR-00000659,OSHC,PCYC Inala - Oxley School Age Care,Queensland Police-Citizens Youth Welfare Association ,Oxley State School  Bannerman Street,OXLEY,QLD,4075,07 32781488,3372 3680,oxleysac@pcyc.org.au,,90,1/29/10,Provisional â€“ Not Yet Assessed,Provisional â€“ Not Yet Assessed,Provisional â€“ Not Yet Assessed,Provisional â€“ Not Yet Assessed,Provisional â€“ Not Yet Assessed,Provisional â€“ Not Yet Assessed,Provisional â€“ Not Yet Assessed,Provisional â€“ Not Yet Assessed,http://pcyc.org.au/School-Age-Care/Inala-Oxley.aspx,5 - 12 years,"""BSC: $16.00, ASC: $20.00, VC: $50.00 + $20.00 membership fee""","""BSC: 6:30 - 9:00am, ASC: 3:00 - 6:00pm, VC: 6:30am - 6:00pm""","""Breakfast, morning tea, afternoon tea""",F,F,,,F
SE-00000899,PR-00000659,OSHC,PCYC Inala-Corinda School Age Care,Queensland Police-Citizens Youth Welfare Association ,Corinda State Primary School  330 Lower Cliveden Avenue,CORINDA,QLD,4075,07 3379 3379,,corindasac@pcyc.org.au, An approved Alternative Solution relating to Performance Criteria 18 Accessibility within SP5.4 - Child Care Centres of the Queensland Development Code (with a publication date of 16 November 2007) applies to this service. This service is approved to provide education and care to children from over preschool age including school children.,59,9/9/10,Provisional â€“ Not Yet Assessed,Provisional â€“ Not Yet Assessed,Provisional â€“ Not Yet Assessed,Provisional â€“ Not Yet Assessed,Provisional â€“ Not Yet Assessed,Provisional â€“ Not Yet Assessed,Provisional â€“ Not Yet Assessed,Provisional â€“ Not Yet Assessed,http://pcyc.org.au/School-Age-Care/Inala-Corinda.aspx,5 - 12 years,"""BSC: $16.00, ASC: $20.00, VC: $55.00 + $20.00 membership fee""","""BSC: 6:30 - 9:00am, ASC: 3:00 - 6:00pm, VC: 6:30am - 6:00pm""","""Breakfast, morning tea, afternoon tea""",F,F,,,F
SE-00001463,PR-00000181,School hours care,Sherwood Community Kindergarten,Sherwood Community Kindergarten Inc,44 Thallon Street  ,SHERWOOD,QLD,4075,07 3379 4193,,reception@sherwoodkindy.com.au,,24,10/14/10,Provisional â€“ Not yet assessed,Provisional â€“ Not yet assessed,Provisional â€“ Not yet assessed,Provisional â€“ Not yet assessed,Provisional â€“ Not yet assessed,Provisional â€“ Not yet assessed,Provisional â€“ Not yet assessed,Provisional â€“ Not yet assessed,http://www.sherwoodkindy.com.au/,3.5 - 4.5 years,"""3.5 - 4.5 years: $27.00 per day + $11.00 waitlist fee""",8:40am - 2:50pm,F,F,F,,,F
SE-00000083,PR-40001110,Child care,Sherwood Forest Children's Centre,Major Oak Pty Limited,16 Thallon Street  ,SHERWOOD,QLD,4075,07 3379 4211,,sforest@bigpond.net.au, This service is approved to continue to use an educator to child ratio of 1:5 for children from 15 months to 24 months of age.Â  This ratio applies for children from 15 months of age in place of regulation 123 (1)(a) until 31 December 2017. This service is approved to provide a rest period from 12:45pm to 2:45pm on Monday to Friday. This condition expires on 31 December 2019 (subject to the provisions of Regulation 310 (1)).,86,6/24/10,Provisional â€“ Not Yet Assessed,Provisional â€“ Not Yet Assessed,Provisional â€“ Not Yet Assessed,Provisional â€“ Not Yet Assessed,Provisional â€“ Not Yet Assessed,Provisional â€“ Not Yet Assessed,Provisional â€“ Not Yet Assessed,Provisional â€“ Not Yet Assessed,,,,6:30am - 6:30pm,,,,,,F
SE-00001054,PR-00000436,OSHC,Sherwood State School Outside School Hours Care,Sherwood State School P & C Association,Cnr Oxley & Sherwood Roads  ,SHERWOOD,QLD,4075,07 3278 1658,,sherwoodoshc@gmail.com, The service is approved to provide education and care to 100 children after school. An approved alternative solution relating to Performance Criteria P18 Accessibility within SP5.4 - Child Care Centres of the Queensland Development Code (with a publication date of 16 November 2007) applies to this service. The service is approved to provide education and care to 45 children before school. The service is approved to provide education and care to 60 children during school holidays.,100,7/13/09,Provisional â€“ Not Yet Assessed,Provisional â€“ Not Yet Assessed,Provisional â€“ Not Yet Assessed,Provisional â€“ Not Yet Assessed,Provisional â€“ Not Yet Assessed,Provisional â€“ Not Yet Assessed,Provisional â€“ Not Yet Assessed,Provisional â€“ Not Yet Assessed,https://sherwoodss.eq.edu.au/Facilities/Outofschoolhourscare/Pages/Outofschoolhourscare.aspx,5 - 12 years,"""BSC: $12.50 - $14.50, ASC: $17.50 - $19.50, VC: $45.00""","""BSC: 7:00 - 8:50am, ASC: 3:00 - 6:00pm, VC: 7:00am - 6:00pm""","""Breakfast, afternoon tea""",F,F,,,F
SE-00011349,PR-00000785,School hours care,St Aidan's Kindergarten,The Society of the Sacred Advent Schools Pty Ltd ATF St Aidans Trust,11 Ruthven Street   ,CORINDA,QLD,4075,07 3270 5369,07 3379 9432,l.mcguire@staidans.qld.gov.au, At all times that education and care is being provided under this service approval there must be not less than 3.25m2 of indoor play space and 7m2 of outdoor play space per child attending the premise including the children being educated and cared for under this service approval and any other children using the premises. This service is approved to provide a rest period from 1:00pm to 2:00pm on Monday to Friday. This condition expires on 31 December 2019 (subject to the provisions of Regulation 310 (1)).,24,12/19/11,Provisional â€“ Not Yet Assessed,Provisional â€“ Not Yet Assessed,Provisional â€“ Not Yet Assessed,Provisional â€“ Not Yet Assessed,Provisional â€“ Not Yet Assessed,Provisional â€“ Not Yet Assessed,Provisional â€“ Not Yet Assessed,Provisional â€“ Not Yet Assessed,http://www.staidan.qld.edu.au/JuniorSchool/Kindergarten/Pages/Kindergarten.aspx,3 - 5 years,,9:00am - 3:30pm,F,F,F,,,F
SE-00001667,PR-00000698,Child care,Sunkids Childrens Centre Oxley,Quest Properties Pty Ltd ATF The IQ Trust,Cnr Blunder Road and Oakmont Avenue  ,OXLEY,QLD,4075,07 3879 2799,,oxley@sunkids.com.au, This service is approved to continue to use an educator to child ratio of 1:5 for children from 15 months to 24 months of age.Â  This ratio applies for children from 15 months of age in place of regulation 123 (1)(a) until 31 December 2017. This service is approved to provide a rest period from 12:30pm to 2:30pm on Monday to Friday. This condition expires on 31 December 2019 (subject to the provisions of Regulation 310 (1)).,129,3/1/11,Provisional â€“ Not Yet Assessed,Provisional â€“ Not Yet Assessed,Provisional â€“ Not Yet Assessed,Provisional â€“ Not Yet Assessed,Provisional â€“ Not Yet Assessed,Provisional â€“ Not Yet Assessed,Provisional â€“ Not Yet Assessed,Provisional â€“ Not Yet Assessed,http://oxleychildcare.net.au/,6 weeks - 5 years,"""6 weeks - 2 years: $78.50, 15 months - 3 years: $71.50, 3 - 5 years: $68.50""",6:15am - 6:15pm,F,F,F,F,,T
SE-00000505,PR-40001112,Child care,TLC Childcare Sherwood,Affinity Education Group Limited,436 Oxley Rd  ,SHERWOOD,QLD,4075,07 3278 2444,07 3278 2400,sherwood@tlcchildcare.com.au, This service is approved to continue to use an educator to child ratio of 1:5 for children from 15 months to 24 months of age.Â  This ratio applies for children from 15 months of age in place of regulation 123 (1)(a) until 31 December 2017. This service is approved to provide a rest period from 12:00pm to 2:00pm on Monday to Friday. This condition expires on 31 December 2019 (subject to the provisions of Regulation 310 (1)).,74,5/27/11,Meeting NQS,Meeting NQS,Meeting NQS,Meeting NQS,Meeting NQS,Meeting NQS,Meeting NQS,Meeting NQS,http://www.tlcchildcare.com.au/,6 weeks - 5 years,"""6 weeks - 3 years: $84.50, 3 - 5 years: $82.50""",6:15am - 6:15pm,T,F,F,,,T
SE-00000885,PR-00000702,OSHC,Darra-Jindalee Catholic Parish After School Care,The Corporation of the Trustees of the Roman Catholic Archdiocese of Brisbane Operating Through Centacare Child Care Services ,115 Darra Station Rd  ,DARRA,QLD,4076,07 3375 5057,07 3375 3867,darrajindaleeoshc@bne.centacare.net.au,,75,7/1/11,Provisional â€“ Not Yet Assessed,Provisional â€“ Not Yet Assessed,Provisional â€“ Not Yet Assessed,Provisional â€“ Not Yet Assessed,Provisional â€“ Not Yet Assessed,Provisional â€“ Not Yet Assessed,Provisional â€“ Not Yet Assessed,Provisional â€“ Not Yet Assessed,,4 - 15 years,"""BSC: $12.00, ASC: $17.00, VC: $39.00 - $59.00""","""BSC: 6:45 - 9:00am, ASC: 2:30 - 6:00pm, VC: 7:00am - 6:00pm""","""Breakfast, afternoon tea""",F,F,,,F
SE-40000987,PR-00007920,Child care,Amani Family Day Care,S Aden & F.H Elmi & A.M Hersi,Shop 37  Inala Plaza,INALA,QLD,4077,732798829,,amanifdc@gmail.com,,0,6/25/13,Provisional â€“ Not Yet Assessed,Provisional â€“ Not Yet Assessed,Provisional â€“ Not Yet Assessed,Provisional â€“ Not Yet Assessed,Provisional â€“ Not Yet Assessed,Provisional â€“ Not Yet Assessed,Provisional â€“ Not Yet Assessed,Provisional â€“ Not Yet Assessed,,,,,,,,,,F
SE-00000049,PR-00000111,Child care,Aspen Community Child Care Inc,Aspen Community Child Care Inc,24 Aspen Street  ,INALA,QLD,4077,07 3372 2243,07 3372 1680,aspencomcentre@gmail.com, An approved alternative solution relating to Performance Criteria P3 Sleeping facilities for a child care centre catering for children aged less than 15 months within SP 5.4 Child Care Centres of the Queensland Development Code (with a publication date of 16 November 2007) applies to this service.  An observation mirror is installed in the nappy change area to enable staff to view the entrance to the sleep room and indoor area while using the nappy change facility; and Viewing windows are kept free of obstruction. This service is approved to provide a rest period from 12:00pm to 2:00pm on Monday to Friday. This condition expires on 31 December 2019 (subject to the provisions of Regulation 310 (1)).,65,10/13/11,Provisional â€“ Not yet assessed,Provisional â€“ Not yet assessed,Provisional â€“ Not yet assessed,Provisional â€“ Not yet assessed,Provisional â€“ Not yet assessed,Provisional â€“ Not yet assessed,Provisional â€“ Not yet assessed,Provisional â€“ Not yet assessed,,,,6:30am - 6:00pm,,,,,,F
SE-00002108,PR-00000989,School hours care,Australian International Islamic College Kindy,Australian International Islamic College,724 Blunder Road  ,DURACK,QLD,4077,07 3372 1400,07 3372 1400,admin@aiic.qld.edu.au,,20,6/2/11,Provisional â€“ Not Yet Assessed,Provisional â€“ Not Yet Assessed,Provisional â€“ Not Yet Assessed,Provisional â€“ Not Yet Assessed,Provisional â€“ Not Yet Assessed,Provisional â€“ Not Yet Assessed,Provisional â€“ Not Yet Assessed,Provisional â€“ Not Yet Assessed,,,,,,,,,,F
SE-00000849,PR-00000156,Child care,Brisbane Kids Family Day Care,Inala Community House,Cnr Japoncia & Robinia Street  ,INALA,QLD,4077,07 3372 1711,3278 7238,info@brisbanekids.org.au,,0,6/20/11,Provisional â€“ Not Yet Assessed,Provisional â€“ Not Yet Assessed,Provisional â€“ Not Yet Assessed,Provisional â€“ Not Yet Assessed,Provisional â€“ Not Yet Assessed,Provisional â€“ Not Yet Assessed,Provisional â€“ Not Yet Assessed,Provisional â€“ Not Yet Assessed,http://www.brisbanekids.org.au/,,,,,,,,,F
SE-00000391,PR-00000081,Child care,Busy Learners Early Education Centre and Preschool,Queensland Child Care Service  Pty Ltd ATF the Queensland Child Care Service Trust No.2,41 Yulan Street  ,INALA,QLD,4077,07 3278 7033,07 3278 7693,busylearners@qccs.com.au, This service is approved to exceed the approved number of places during the period from Monday to Friday between the hours of 2:45pm to 4:45pm when it is 80 children This service is approved to continue to use an educator to child ratio of 1:5 for children from 15 months to 24 months of age.Â  This ratio applies for children from 15 months of age in place of regulation 123 (1)(a) until 31 December 2017. This service is approved to provide education and care to children from 15 months up to and including school children This service is approved to provide a rest period from 12:00pm to 2:00pm on Monday to Friday. This condition expires on 31 December 2019 (subject to the provisions of Regulation 310 (1)).,75,10/5/09,Provisional â€“ Not yet assessed,Provisional â€“ Not yet assessed,Provisional â€“ Not yet assessed,Provisional â€“ Not yet assessed,Provisional â€“ Not yet assessed,Provisional â€“ Not yet assessed,Provisional â€“ Not yet assessed,Provisional â€“ Not yet assessed,http://www.qccs.com.au/skins/qccs/pages/centredetails.aspx?code=12&name=Busy+Learners+Early+Education+Centre+%26+Pre-school,13 months - 5 years,"""13 - 24 months: $77.00, 25 months - 5 years: $74.00""",6:00am - 6:00pm,T,F,F,T,T,F
SE-00014015,PR-00008029,School hours care,C&K Durack Community Kindergarten,The Creche and Kindergarten Association Limited,67 Inala Avenue    ,DURACK,QLD,4077,07 3879 2310,07 3879 2517,durack@candk.asn.au,,24,7/20/12,Exceeding NQS,Exceeding NQS,Exceeding NQS,Exceeding NQS,Exceeding NQS,Exceeding NQS,Exceeding NQS,Exceeding NQS,http://www.candk.asn.au/durack,3.5 - 4.5 years,"""3.5 - 4.5 years: $29.12 per day + $50.00 enrolment fee""",8:50am - 3:00pm,F,F,F,,,T
SE-00000372,PR-00000305,Child care,Durack Early Childhood and Pre-School Centre,Knight Odlum Child Care Centre Pty Ltd,56 Durella Street  ,DURACK,QLD,4077,07 33729654,07 3372 9799,durackearlylearning@gmail.com, This service is approved to continue to use an educator to child ratio of 1:5 for children from 15 months to 24 months of age.Â  This ratio applies for children from 15 months of age in place of regulation 123 (1)(a) until 31 December 2017. This service is approved to provide education and care to children from 15 months up to and including school children This service is approved to provide a rest period from 12:00pm to 2:00pm on Monday to Friday. This condition expires on 31 December 2019 (subject to the provisions of Regulation 310 (1)).,70,7/15/11,Provisional â€“ Not yet assessed,Provisional â€“ Not yet assessed,Provisional â€“ Not yet assessed,Provisional â€“ Not yet assessed,Provisional â€“ Not yet assessed,Provisional â€“ Not yet assessed,Provisional â€“ Not yet assessed,Provisional â€“ Not yet assessed,www.durackearly.com.au,15 months - 5 years,"""13 - 24 months: $74.50, 25 months - 4 years: $72.50, 4 - 5 years: $60.50""",6:30am - 6:30pm,T,F,F,,,F
SE-00000493,PR-00001129,Child care,Goodstart Early Learning Richlands 1,Goodstart Early Learning Ltd,55-57 Poinsettia Street  ,INALA,QLD,4077,07 3278 7755,,ina@goodstart.org.au, This service is approved to exceed the approved number of places during the period from Monday to Friday between the hours of 2:30pm to 4:30pm when it is 117 children This service is approved to provide a rest period from 12:00pm to 2:00pm on Monday to Friday. This condition expires on 31 December 2019 (subject to the provisions of Regulation 310 (1)).,110,11/30/11,Meeting NQS,Exceeding NQS,Meeting NQS,Exceeding NQS,Meeting NQS,Exceeding NQS,Exceeding NQS,Exceeding NQS,http://www.goodstart.org.au/centres/richlands/overview,6 weeks - 5 years,"""6 weeks - 12 months: $81.20, 13 - 24 months: $79.10, 25 - 35 months: $74.00, 3 - 5 years: $71.90""",6:00am - 6:00pm,T,T,F,T,,F
SE-00001183,PR-00000799,OSHC,Grand Avenue State School Outside School Hours Care,Grand Avenue State School P&C Association ,CNR Grand Avenue & Centennial Way  ,FOREST LAKE,QLD,4077,07 3278 9830,,oshc@grandavenuess.eq.edu.au, An approved alternative solution relating to Performance Criteria P18 Accessibility within SP5.4 Child Care Centres of the Queensland Development Code (with a publication date of 16 November 2007) applies to this service.  ,154,5/30/11,Meeting NQS,Exceeding NQS,Meeting NQS,Exceeding NQS,Meeting NQS,Exceeding NQS,Exceeding NQS,Exceeding NQS,,5 - 12 years,"""BSC: $10.00, ASC: $13.00, VC: $39.00""","""BSC: 6:30 - 8:45am, ASC: 2:30 - 6:00pm, VC: 6:30am - 6:00pm""",F,F,F,,,F
SE-00001378,PR-00000284,School hours care,Inala Kindergarten and Community Pre School,Inala Kindergarten & Community Preschool Association Inc,Cnr Rosella & Bluejay Streets  ,INALA,QLD,4077,07 3372 8570,07 3372 8570,inalakindy@optusnet.com.au,,25,3/29/10,Provisional â€“ Not yet assessed,Provisional â€“ Not yet assessed,Provisional â€“ Not yet assessed,Provisional â€“ Not yet assessed,Provisional â€“ Not yet assessed,Provisional â€“ Not yet assessed,Provisional â€“ Not yet assessed,Provisional â€“ Not yet assessed,http://www.candk.asn.au/inala,3.5 - 4.5 years,"""3.5 - 4.5 years: $25.00 per day + $20.00 resource levy per term + $8.00 - $10.00 performance levy per term""",8:30am - 2:30pm,F,F,F,,,F
SE-00002020,PR-00000915,Child care,Jelly Bean Nursery & Child Care Centre,Jelly Beans Childcare Pty Ltd,29 Government Road  ,RICHLANDS,QLD,4077,073279 9855,,jellybean@kal.net.au, This service is approved to continue to use an educator to child ratio of 1:5 for children from 15 months to 24 months of age.Â  This ratio applies for children from 15 months of age in place of regulation 123 (1)(a) until 31 December 2017.,111,5/28/10,Working Towards NQS,Meeting NQS,Meeting NQS,Meeting NQS,Working Towards NQS,Exceeding NQS,Exceeding NQS,Working Towards NQS,http://www.kal.net.au/home/centres/item/jelly-bean-child-care-centre.html?category_id=1,6 weeks - 5 years,"""6 weeks - 2 years: $73.00, 2 - 5 years: $68.00""",6:15am - 6:15pm,T,T,F,,,F
SE-40000482,PR-40000305,Child care,Kids Time Family Day Care,Kids Time Family Day Care Pty Ltd,29a Enterprise Street  ,RICHLANDS,QLD,4077,3375 6076,,kidstimefamilydaycare@hotmail.com,,0,2/15/13,Provisional â€“ Not Yet Assessed,Provisional â€“ Not Yet Assessed,Provisional â€“ Not Yet Assessed,Provisional â€“ Not Yet Assessed,Provisional â€“ Not Yet Assessed,Provisional â€“ Not Yet Assessed,Provisional â€“ Not Yet Assessed,Provisional â€“ Not Yet Assessed,,,,,,,,,,F
SE-40000479,PR-00007977,Child care,Medina Family Day Care,Bargash Bahsane,4/55 Skylark Street  ,INALA,QLD,4077,738792274,,medinacare@hotmail.com,,0,2/8/13,Provisional â€“ Not yet assessed,Provisional â€“ Not yet assessed,Provisional â€“ Not yet assessed,Provisional â€“ Not yet assessed,Provisional â€“ Not yet assessed,Provisional â€“ Not yet assessed,Provisional â€“ Not yet assessed,Provisional â€“ Not yet assessed,,5 - 12 years,,,,,,,,F
SE-00002362,PR-00000659,OSHC,PCYC Inala - Inala SS School Age Care,Queensland Police-Citizens Youth Welfare Association ,Inala State School  Rosemary  Street,DURACK,QLD,4077,07 3879 2093,3372 4511,inalasac@pcyc.org.au,,80,1/24/11,Provisional â€“ Not yet assessed,Provisional â€“ Not yet assessed,Provisional â€“ Not yet assessed,Provisional â€“ Not yet assessed,Provisional â€“ Not yet assessed,Provisional â€“ Not yet assessed,Provisional â€“ Not yet assessed,Provisional â€“ Not yet assessed,http://pcyc.org.au/School-Age-Care/Inala-Inala-SS.aspx,5 - 12 years,"""BSC: $15.00, ASC: $19.00, VC: $50.00 + $20.00 membership fee""","""BSC: 6:30 - 9:00am, ASC: 2:30 - 6:00pm, VC: 6:30am - 6:00pm""","""Breakfast, morning tea, afternoon tea""",F,F,,,T
SE-00001837,PR-00000659,OSHC,PCYC Inala School Age Care,Queensland Police-Citizens Youth Welfare Association ,Inala PCYC  37 Swallow Street,INALA,QLD,4077,07 3372 2222,07 3372 3688,accounts@inala.pcyc.org.au, This service is approved to provide education and care to children during school holidays only. An approved alternative solution relating to Performance Criteria P16 Electrical Safety Precautions within SP 5.4 Child Care Centres of the Queensland Developmental Code (with a publication date of 1 November 2004) applies to this service.,120,10/7/11,Provisional â€“ Not yet assessed,Provisional â€“ Not yet assessed,Provisional â€“ Not yet assessed,Provisional â€“ Not yet assessed,Provisional â€“ Not yet assessed,Provisional â€“ Not yet assessed,Provisional â€“ Not yet assessed,Provisional â€“ Not yet assessed,http://pcyc.org.au/Inala/,,,,,,,,,T
SE-00000050,PR-00000392,Child care,Swallow St Child Care Association,Swallow Street Child Care Association Inc,101 Swallow St  ,INALA,QLD,4077,07 3372 4894,3372 4894,swallowstchildcare@bigpond.com, This service is approved to continue to use an educator to child ratio of 1:5 for children from 15 months to 24 months of age.Â  This ratio applies for children from 15 months of age in place of regulation 123 (1)(a) until 31 December 2017. This service is approved to provide a rest period from 12:30pm to 2:30pm on Monday to Friday. This condition expires on 31 December 2019 (subject to the provisions of Regulation 310 (1)).,64,7/29/10,Provisional â€“ Not yet assessed,Provisional â€“ Not yet assessed,Provisional â€“ Not yet assessed,Provisional â€“ Not yet assessed,Provisional â€“ Not yet assessed,Provisional â€“ Not yet assessed,Provisional â€“ Not yet assessed,Provisional â€“ Not yet assessed,,,"""$42.00 - $51.25 per day""",6:00am - 6:00pm,,,,,,F
SE-00001499,PR-00000434,School hours care,Wandarrah Preschool and Kindergarten,Wandarrah Pre School and Community Centre Association,Cnr Azalea & Poinciana Streets  ,INALA,QLD,4077,07 3372 6807,33724120,wps@wandarrahps.com.au,,50,10/30/09,Meeting NQS,Meeting NQS,Meeting NQS,Meeting NQS,Meeting NQS,Working Towards NQS,Working Towards NQS,Working Towards NQS,http://www.candk.asn.au/wandarrah,2.5 - 5 years,"""2.5 - 5 years: $18.00""",9:00am - 3:00pm,F,F,F,,,F
SE-00001868,PR-00000225,Child care,Building Futures Montessori ,Oakbridge Investments Pty Ltd as Trustee for McKinnon Family Trust,15 High Street  ,FOREST LAKE,QLD,4078,07 3723 7777,,forestlake@buildingblocks.com.au, This service is approved to continue to use an educator to child ratio of 1:5 for children from 15 months to 24 months of age.Â  This ratio applies for children from 15 months of age in place of regulation 123 (1)(a) until 31 December 2017. This service is approved to provide a rest period from 12:00pm to 2:00pm on Monday to Friday. This condition expires on 31 December 2019 (subject to the provisions of Regulation 310 (1)).,128,9/21/09,Provisional â€“ Not Yet Assessed,Provisional â€“ Not Yet Assessed,Provisional â€“ Not Yet Assessed,Provisional â€“ Not Yet Assessed,Provisional â€“ Not Yet Assessed,Provisional â€“ Not Yet Assessed,Provisional â€“ Not Yet Assessed,Provisional â€“ Not Yet Assessed,http://buildingfutures.com.au/forest-lake-montessori/,6 weeks - 6 years,,6:30am - 6:30pm,T,F,F,,,F
SE-40000509,PR-40000471,Child care,Central Kids Family Day Care,Central Kids Family Day Care Pty Ltd,Level 1/Shop A2 Forest Lake Shopping Centre  235 Forest Lake Boulevard,FOREST LAKE,QLD,4078,432792248,,mustafedarwiish@gmail.com, The maximum number of educators that may be engaged by or registered with the Approved Provider/scheme is 40.,0,10/15/13,Provisional â€“ Not Yet Assessed,Provisional â€“ Not Yet Assessed,Provisional â€“ Not Yet Assessed,Provisional â€“ Not Yet Assessed,Provisional â€“ Not Yet Assessed,Provisional â€“ Not Yet Assessed,Provisional â€“ Not Yet Assessed,Provisional â€“ Not Yet Assessed,,,,,,,,,,F
SE-00000385,PR-00000693,Child care,Forest Lake Child Care Centre,The Uniting Church in Australia Property Trust (Q.),130 Woogaroo Street  ,FOREST LAKE,QLD,4078,07 3723 7200,38790563,kim.dunn@lccq.org.au, This service is approved to continue to use an educator to child ratio of 1:5 for children from 15 months to 24 months of age.Â  This ratio applies for children from 15 months of age in place of regulation 123 (1)(a) until 31 December 2017. This service is approved to provide a rest period from 12:00pm to 2:00pm on Monday to Friday. This condition expires on 31 December 2019 (subject to the provisions of Regulation 310 (1)).,62,9/27/10,Provisional â€“ Not Yet Assessed,Provisional â€“ Not Yet Assessed,Provisional â€“ Not Yet Assessed,Provisional â€“ Not Yet Assessed,Provisional â€“ Not Yet Assessed,Provisional â€“ Not Yet Assessed,Provisional â€“ Not Yet Assessed,Provisional â€“ Not Yet Assessed,http://www.uccommunity.org.au/childcare-forestlake,6 weeks -  5 years,"""6 weeks - 24 months: $81.50, 25 - 35 months: $79.50, 3 - 5 years: $77.50""",7:00am - 6:00pm,T,T,F,,,F
SE-00001007,PR-00000314,OSHC,Forest Lake Outside School Care,Forest Lake State School P&C Association,Kauri Place  ,FOREST LAKE,QLD,4078,07 3714 1253,07 3714 1200,oscar3@eq.edu.au,,150,4/8/11,Exceeding NQS,Exceeding NQS,Exceeding NQS,Exceeding NQS,Meeting NQS,Meeting NQS,Exceeding NQS,Exceeding NQS,https://forestlakess.eq.edu.au/Facilities/Outofschoolhourscare/Pages/Outofschoolhourscare.aspx,5 - 12 years,"""VC: $35.00""","""BSC: 6:45 - 8:45am, ASC: 3:00 - 6:00pm, VC: 7:00am - 6:00pm""",T,F,F,,,F
SE-00001557,PR-00001129,Child care,Goodstart Early Learning Forest Lake - Centennial Way,Goodstart Early Learning Ltd,15 Centennial Way  ,FOREST LAKE,QLD,4078,073278 8011,32788166,htk@goodstart.org.au, This service is approved to provide a rest period from 12:30pm to 2:30pm on Monday to Friday. This condition expires on 31 December 2019 (subject to the provisions of Regulation 310 (1)).,70,11/30/11,Provisional â€“ Not Yet Assessed,Provisional â€“ Not Yet Assessed,Provisional â€“ Not Yet Assessed,Provisional â€“ Not Yet Assessed,Provisional â€“ Not Yet Assessed,Provisional â€“ Not Yet Assessed,Provisional â€“ Not Yet Assessed,Provisional â€“ Not Yet Assessed,http://www.goodstart.org.au/centres/forest-lake-centennial-way/services,6 weeks -  6 years,"""6 weeks - 12 months: $86.90, 13 - 24 months: $84.70, 25 - 35 months: $79.60, 3 - 6 years: $77.40""",6:00am - 6:00pm,F,F,F,,,F
SE-00000644,PR-00001129,Child care,Goodstart Early Learning Forest Lake-Forest Lake Boulevard 1,Goodstart Early Learning Ltd,10 Forest Lake Boulevard  ,FOREST LAKE,QLD,4078,3271 4000,,for@goodstart.org.au, This service is approved to provide a rest period from 12:00pm to 2:00pm on Monday to Friday. This condition expires on 31 December 2019 (subject to the provisions of Regulation 310 (1)).,124,11/30/11,Provisional â€“ Not Yet Assessed,Provisional â€“ Not Yet Assessed,Provisional â€“ Not Yet Assessed,Provisional â€“ Not Yet Assessed,Provisional â€“ Not Yet Assessed,Provisional â€“ Not Yet Assessed,Provisional â€“ Not Yet Assessed,Provisional â€“ Not Yet Assessed,http://www.goodstart.org.au/centres/forest-lake-forest-lake-boulevard/overview,6 weeks - 6 years,"""6 weeks - 12 months: $85.30, 13 - 24 months: $80.20, 25 - 35 months: $78.00, 3 - 6 years: $75.90""",7:00am - 6:00pm,F,F,F,,,F
SE-00000724,PR-00000066,Child care,Joseph Banks Early Childhood Education & Care Centre,Miengrove Pty Ltd,91 Joseph Banks Avenue  ,FOREST LAKE,QLD,4078,07 3279 9200,,josephbanksearlyed@bigpond.com, This service is approved to provide a rest period from 12:30pm to 2:30pm on Monday to Friday. This condition expires on 31 December 2019 (subject to the provisions of Regulation 310 (1)).,81,8/25/09,Provisional â€“ Not Yet Assessed,Provisional â€“ Not Yet Assessed,Provisional â€“ Not Yet Assessed,Provisional â€“ Not Yet Assessed,Provisional â€“ Not Yet Assessed,Provisional â€“ Not Yet Assessed,Provisional â€“ Not Yet Assessed,Provisional â€“ Not Yet Assessed,http://www.earlybirds.net.au/index.php?page=joseph,2 - 5 years,"""2 - 5 years: $67.50""",6:30am - 6:00pm,T,F,F,,,F
SE-00002348,PR-00001192,School hours care,Little Saints Kindergarten,FSAC Ltd,1 Alpine Place  ,FOREST LAKE,QLD,4078,07 3372 0844,07 3372 0833,alamb@sjac.qld.edu.au, This service is approved to operate between 8.40am to 3.00pm Monday to Friday other than during school holidays.,48,2/16/11,Meeting NQS,Exceeding NQS,Exceeding NQS,Exceeding NQS,Exceeding NQS,Exceeding NQS,Exceeding NQS,Exceeding NQS,http://stjohnsanglicancollege.com.au/little-saints-kindergarten/,3.5 - 4.5 years,"""3.5 - 4.5 years: $925.00 - $2790.00 per year""",8:40am - 3:00pm,F,F,F,,,F
SE-00001683,PR-00001192,OSHC,St Johns Anglican College ABCC,FSAC Ltd,1 Alpine Place  ,FOREST LAKE,QLD,4078,3372 0800,32787967,abcc@sjac.qld.edu.au, The service is approved to provide education and care to children from over preschool age including school children.,150,1/1/11,Provisional â€“ Not Yet Assessed,Provisional â€“ Not Yet Assessed,Provisional â€“ Not Yet Assessed,Provisional â€“ Not Yet Assessed,Provisional â€“ Not Yet Assessed,Provisional â€“ Not Yet Assessed,Provisional â€“ Not Yet Assessed,Provisional â€“ Not Yet Assessed,http://stjohnsanglicancollege.com.au/enrolments/abcc/,13 - 17 years,"""BSC: $11.35, ASC: $17.50, VC: $43.25""","""BSC: 6:45 - 8:40am, ASC: 3:00 - 6:30pm, VC: 6:45am - 6:00pm""","""Breakfast, morning tea, lunch, afternoon tea""",F,F,,,F
SE-40000483,PR-00001192,OSHC,St John's Early Years ABCC,FSAC Ltd,1 Alpine Place  ,FOREST LAKE,QLD,4078,733720800,732787967,abcc@sjac.qld.edu.au, The service is approved to provide education and care to children from 36 months up to and including school children. The service is approved to provide education and care to children before school after school and during school holidays. The service is approved to operate other than between 8:40am to 3:00pm Monday to Friday during school terms.,44,2/28/13,Provisional â€“ Not Yet Assessed,Provisional â€“ Not Yet Assessed,Provisional â€“ Not Yet Assessed,Provisional â€“ Not Yet Assessed,Provisional â€“ Not Yet Assessed,Provisional â€“ Not Yet Assessed,Provisional â€“ Not Yet Assessed,Provisional â€“ Not Yet Assessed,http://stjohnsanglicancollege.com.au/enrolments/abcc/,3.5 - 12 years,"""BSC: $11.35, ASC: $17.50, VC: $43.25""","""BSC: 6:45 - 8:40am, ASC: 3:00 - 6:30pm, VC: 6:45am - 6:00pm""","""Breakfast, morning tea, lunch, afternoon tea""",F,F,,,F
SE-00001521,PR-00008029,School hours care,C&K West End Community Kindergarten & Preschool,The Creche and Kindergarten Association Limited,34 Corbett Street  ,WEST END,QLD,4101,07 3844 1885,3844 1885,westend@candk.asn.au,,24,4/25/10,Provisional â€“ Not Yet Assessed,Provisional â€“ Not Yet Assessed,Provisional â€“ Not Yet Assessed,Provisional â€“ Not Yet Assessed,Provisional â€“ Not Yet Assessed,Provisional â€“ Not Yet Assessed,Provisional â€“ Not Yet Assessed,Provisional â€“ Not Yet Assessed,http://www.candk.asn.au/westend,3.5 years - 5 years,"""3.5 - 5 years: $27.00 per day + $31.00 music program levy + enrolment fee""",8:30am - 2:30pm,F,F,F,,,T
SE-00000084,PR-00000522,Child care,Greek Orthodox Community Child Care Centre,Greek Orthodox Community of St George,30 Browning Street  ,SOUTH BRISBANE,QLD,4101,07 3844 6187,3844 9690,childcare@gocstgeorge.com.au, The service is approved to provide education and care to children from birth up to and including over preschool age not including school children.,44,3/23/10,Provisional â€“ Not yet assessed,Provisional â€“ Not yet assessed,Provisional â€“ Not yet assessed,Provisional â€“ Not yet assessed,Provisional â€“ Not yet assessed,Provisional â€“ Not yet assessed,Provisional â€“ Not yet assessed,Provisional â€“ Not yet assessed,http://www.gocstgeorge.com.au/communitydetails.php?id=24&p=Childcare,6 weeks -  5 years,"""6 weeks - 2 years: $100.00, 2 - 3 years: $95.00, 3 - 5 years: $90.00""",7:30am - 5:30pm,T,F,F,,,F
SE-00000100,PR-00001122,Child care,Kids At West End Child Care & Early Education Centre,Soja (Qld) Pty Ltd ATF Beck Family Trust (No. 2),18 Mitchell Street  ,HILL END,QLD,4101,07 3844 4133,3844 4133,kweccc@bigpond.com, This service is approved to continue to use an educator to child ratio of 1:5 for children from 15 months to 24 months of age.Â  This ratio applies for children from 15 months of age in place of regulation 123 (1)(a) until 31 December 2017.,60,10/18/10,Exceeding NQS,Exceeding NQS,Exceeding NQS,Exceeding NQS,Exceeding NQS,Exceeding NQS,Exceeding NQS,Exceeding NQS,http://www.kidsatwestend.com.au,6 weeks - 5 years,"""6 weeks - 24 months: $74.00, 2 - 3 years: $71.00, 3 - 4 years: $70.00, 4 - 5 years: $69.00""",7:00am - 6:30pm,T,F,F,F,,F
SE-00000101,PR-00000047,Child care,Kurilpa Community Child Care Centre,Kurilpa Community Child Care Centre Inc,136 Gray Road  ,WEST END,QLD,4101,07 3844 4672,3844 0175,mail@kurilpaccc.org.au, This service is approved to continue to use an educator to child ratio of 1:5 for children from 15 months to 24 months of age.Â  This ratio applies for children from 15 months of age in place of regulation 123 (1)(a) until 31 December 2017. This service is approved to provide a rest period from 12:30pm to 1:45pm on Monday to Friday. This condition expires on 31 December 2019 (subject to the provisions of Regulation 310 (1)).,60,3/29/11,Provisional â€“ Not yet assessed,Provisional â€“ Not yet assessed,Provisional â€“ Not yet assessed,Provisional â€“ Not yet assessed,Provisional â€“ Not yet assessed,Provisional â€“ Not yet assessed,Provisional â€“ Not yet assessed,Provisional â€“ Not yet assessed,http://www.kurilpaccc.org.au,6 weeks - 5 years,"""6 weeks - 2 years: $80.50, 2 - 3 years: $77.50, 3 - 4 years: $71.50, 4 - 5 years: $71.00""",7:30am - 5:45pm,T,F,F,,,F
SE-00001710,PR-00000662,Child care,Mater Child Care 4,Mater Misericordiae Health Services Brisbane Ltd,8-12 Clarence Street  ,SOUTH BRISBANE,QLD,4101,07 3163 3444,07 3163 1685,Anna.Nisbett@mater.org.au, This service is approved to continue to use an educator to child ratio of 1:5 for children from 15 months to 24 months of age.Â  This ratio applies for children from 15 months of age in place of regulation 123 (1)(a) until 31 December 2017. This service is approved to provide a rest period from 12pm to 2pm on Monday to Friday with a reduction of child-to-eduator ratios for the children accommodated on the top floor of the building only.  This condition expires on the 31 December 2019 (subject of the provisions Regulation 310 (1)).,75,10/8/10,Provisional â€“ Not yet assessed,Provisional â€“ Not yet assessed,Provisional â€“ Not yet assessed,Provisional â€“ Not yet assessed,Provisional â€“ Not yet assessed,Provisional â€“ Not yet assessed,Provisional â€“ Not yet assessed,Provisional â€“ Not yet assessed,http://www.mater.org.au/Home/Services/Mater-ChildCare,6 weeks -  5 years,"""6 weeks - 5 years: $85.00""",6:30am - 6:00pm,T,T,F,,,F
SE-00013953,PR-00000662,Child care,Mater Childcare 1,Mater Misericordiae Health Services Brisbane Ltd,12-16 Clarence Street  ,SOUTH BRISBANE,QLD,4101,07 3163 3444,07 3163 1685,childcare@mater.org.au, This service is approved to provide a rest period from 12:00pm to 2:00pm on Monday to Friday. This condition expires on 31 December 2019 (subject to the provisions of Regulation 310 (1)).,66,1/1/12,Provisional â€“ Not yet assessed,Provisional â€“ Not yet assessed,Provisional â€“ Not yet assessed,Provisional â€“ Not yet assessed,Provisional â€“ Not yet assessed,Provisional â€“ Not yet assessed,Provisional â€“ Not yet assessed,Provisional â€“ Not yet assessed,http://www.mater.org.au/Home/Services/Mater-ChildCare,6 weeks -  5 years,"""6 weeks - 5 years: $85.00""",6:30am - 6:00pm,T,T,F,,,F
SE-00013954,PR-00000662,Child care,Mater Childcare 2,Mater Misericordiae Health Services Brisbane Ltd,12 - 16 Clarence Street  ,SOUTH BRISBANE,QLD,4101,07 3163 3444,07 3163 1685,childcare@mater.org.au, This service is approved to continue to use an educator to child ratio of 1:5 for children from 15 months to 24 months of age. This ratio applies for children from 15 months of age in place of regulation 123 (1)(a) until 31 December 2017. An approved alternative solution relating to Performance Criteria P4 Outdoor play facilities within SP5.4 - Child Care Centres of the Queensland Development Code (with a publication date of 16 November 2007). It is a condition of the service approval that: natural vegetation in the planter boxes provided in the 'enclosed' outdoor area must be maintained at all times which is equivalent of 4% of the minimum outdoor play space required for this area in at least the location outlined in the application; and the plantings in these planters must consist of healthy 'live' plants including some in a height range of 1.2 metres or higher; and programming must provide opportunities for children to participate in activities which reflect on nature; and the balustrades used on the three sides of the balcony must have no gaps or 'foot holds' at any height or if necessary any gap must be positioned at a height of at least 1200mm from the floor; and  consideration must be given to the location of the planter boxes and timber box seats and ensure that they are positioned in a place that does not allow them to be used by children as a step to attempt to climb any perimeter balustrade. This service is approved to provide a rest period from 12:00pm to 2:00pm on Monday to Friday. This condition expires on 31 December 2019 (subject to the provisions of Regulation 310 (1)).,48,1/1/12,Provisional â€“ Not yet assessed,Provisional â€“ Not yet assessed,Provisional â€“ Not yet assessed,Provisional â€“ Not yet assessed,Provisional â€“ Not yet assessed,Provisional â€“ Not yet assessed,Provisional â€“ Not yet assessed,Provisional â€“ Not yet assessed,http://www.mater.org.au/Home/Services/Mater-ChildCare,6 weeks -  5 years,"""6 weeks - 5 years: $85.00""",6:30am - 6:00pm,T,T,F,,,F
SE-00013955,PR-00000662,Child care,Mater Childcare 3,Mater Misericordiae Health Services Brisbane Ltd,12 - 16 Clarence Street  ,SOUTH BRISBANE,QLD,4101,07 3163 3444,07 3163 1685,childcare@mater.org.au, This service is approved to provide a rest period from 12:00pm to 2:00pm on Monday to Friday. This condition expires on 31 December 2019 (subject to the provisions of Regulation 310 (1)).,74,1/1/12,Provisional â€“ Not yet assessed,Provisional â€“ Not yet assessed,Provisional â€“ Not yet assessed,Provisional â€“ Not yet assessed,Provisional â€“ Not yet assessed,Provisional â€“ Not yet assessed,Provisional â€“ Not yet assessed,Provisional â€“ Not yet assessed,http://www.mater.org.au/Home/Services/Mater-ChildCare,6 weeks -  5 years,"""6 weeks - 5 years: $85.00""",6:30am - 6:00pm,T,T,F,,,F
SE-00000963,PR-00001140,OSHC,Somerville House Outside School Hours Care,Oshclub Pty Ltd,17 Graham Street  ,SOUTH BRISBANE,QLD,4101,07 38564 9000,07 38564 9001,oshc@somerville.qld.edu.au, The maximum number of children able to be provided with education and care after school is 44 The maximum number of children able to be provided with education and care before school is 15 The maximum number of children able to be provided with education and care during school holidays is 44,44,9/19/11,Provisional â€“ Not Yet Assessed,Provisional â€“ Not Yet Assessed,Provisional â€“ Not Yet Assessed,Provisional â€“ Not Yet Assessed,Provisional â€“ Not Yet Assessed,Provisional â€“ Not Yet Assessed,Provisional â€“ Not Yet Assessed,Provisional â€“ Not Yet Assessed,http://www.somerville.qld.edu.au/services/oshc,5 - 17 years,"""BSC: $12.60, ASC: $13.00 - $21.00, VC: $48.00""","""BSC: 6:45 - 8:00am, ASC: 2:30 - 6:00pm, VC: 7:00am - 6:00pm""","""Breakfast, morning tea, afternoon tea""",F,F,,,T
SE-40000254,PR-40000202,Child care,West End Community Childcare Centre,Jubarlee Enterprises Pty Ltd ATF The Longden Family Trust,86 Jane St  ,WEST END,QLD,4101,07 3844 1395,,director@westendchildcare.com.au,,44,4/29/13,Meeting NQS,Meeting NQS,Meeting NQS,Exceeding NQS,Meeting NQS,Exceeding NQS,Exceeding NQS,Meeting NQS,http://www.westendchildcare.com.au/,6 weeks - 5 years,"""6 weeks - 2 years: $105.00, 2 - 3 years: $100.00, 3 - 5 years: $98.00""",7.00am - 6.00pm,T,T,F,,,F
SE-00002140,PR-00000571,Child care,West End Scott Street Community Kindergarten,West End Scott Street Community Kindergarten Association Inc,Corner Scott Street Hardgrave Road  ,WEST END,QLD,4101,07 3844 8089,,westendscottstck@bigpond.com,,25,6/10/11,Provisional â€“ Not Yet Assessed,Provisional â€“ Not Yet Assessed,Provisional â€“ Not Yet Assessed,Provisional â€“ Not Yet Assessed,Provisional â€“ Not Yet Assessed,Provisional â€“ Not Yet Assessed,Provisional â€“ Not Yet Assessed,Provisional â€“ Not Yet Assessed,http://www.candk.asn.au/westendscottst,3.5 years - 5 years,,8:30am - 2:40pm,F,F,F,,,F
SE-00000858,PR-00000051,OSHC,West End State School OSHC,West End State School P&C Association,24 Vulture Street  ,WEST END,QLD,4101,07 3844 4061,07 3846 5735,wessoshc@bipgond.com, This service is approved to provide education and care to 50 children before school i This service is approved to provide education and care to 70 children during school holidays.  An approved Alternative Solution relating to Performance Criteria 18 Accessibility within SP5.4 - Child Care Centres of the Queensland Development Code (with a publication date of 16 November 2007) applies to this service.,130,8/26/11,Provisional â€“ Not Yet Assessed,Provisional â€“ Not Yet Assessed,Provisional â€“ Not Yet Assessed,Provisional â€“ Not Yet Assessed,Provisional â€“ Not Yet Assessed,Provisional â€“ Not Yet Assessed,Provisional â€“ Not Yet Assessed,Provisional â€“ Not Yet Assessed,http://westendss.eq.edu.au/wcms/index.php?option=com_content&view=article&id=20&Itemid=43,5 - 12 years,"""BSC: $11.00 - $13.00, ASC: $16.00 - $19.00, VC: $40.00 - $45.00""","""BSC: 7:00 - 8:45am, ASC: 3:00 - 6:00pm, VC: 7:00am - 6:00pm""","""Breakfast, morning tea, afternoon tea""",F,F,,,F
SE-00001921,PR-00000198,OSHC,EBCC OSHC Buranda,East Brisbane Community Centre Inc,24 Cowley Street  ,BURANDA,QLD,4102,07 33931384,,boshc@ebcc.com.au, An approved alternative solution relating to Performance Criteria P18 Accessibility within SP5.4 - Child Care Centres of the Queensland Development Code (with a publication date of 23 November 2005) applies to this service,43,6/10/10,Provisional â€“ Not Yet Assessed,Provisional â€“ Not Yet Assessed,Provisional â€“ Not Yet Assessed,Provisional â€“ Not Yet Assessed,Provisional â€“ Not Yet Assessed,Provisional â€“ Not Yet Assessed,Provisional â€“ Not Yet Assessed,Provisional â€“ Not Yet Assessed,http://www.ebcc.com.au/content/oshc,5 - 12 years,"""BSC: $10.60, ASC: $13.60, VC: $37.00""","""BSC: 7:00 - 9:00am, ASC: 3:00 - 6:00pm, VC: 7:00am - 6:00pm""","""Breakfast, morning tea, lunch, afternoon tea""",F,F,,,F
SE-00000104,PR-00000697,Child care,Nazareth Lutheran Early Learning Centre,Lutheran Church of Australia Queensland District,18 - 20 Hawthorne Street  ,WOOLLOONGABBA,QLD,4102,07 3891 1016,07 3391 1707,nazareth.elc@qlecs.org.au, This service is approved to continue to use an educator to child ratio of 1:5 for children from 15 months to 24 months of age.Â  This ratio applies for children from 15 months of age in place of regulation 123 (1)(a) until 31 December 2017.,44,8/27/11,Provisional â€“ Not yet assessed,Provisional â€“ Not yet assessed,Provisional â€“ Not yet assessed,Provisional â€“ Not yet assessed,Provisional â€“ Not yet assessed,Provisional â€“ Not yet assessed,Provisional â€“ Not yet assessed,Provisional â€“ Not yet assessed,http://www.qlecs.org.au/index.php?ref=MTkwOA==,6 weeks - 5 years,"""6 weeks - 24 months: $67.50, 25 - 35 months: $64.50, 3 - 5 years: $62.50""",7:30am - 6:00pm,T,T,F,,,F
SE-00002135,PR-00000081,Child care,P.A. Hospital Early Education Centre,Queensland Child Care Service  Pty Ltd ATF the Queensland Child Care Service Trust No.2,Off O'Keefe Street   ,WOOLLOONGABBA,QLD,4102,07 3392 0039,,pahospital@qccs.com.au, This service is approved to continue to use an educator to child ratio of 1:5 for children from 15 months to 24 months of age.Â  This ratio applies for children from 15 months of age in place of regulation 123 (1)(a) until 31 December 2017. This service is approved to provide a rest period from 12:00pm to 2:00pm on Monday to Friday. This condition expires on 31 December 2019 (subject to the provisions of Regulation 310 (1)).,75,10/3/11,Meeting NQS,Exceeding NQS,Meeting NQS,Exceeding NQS,Meeting NQS,Exceeding NQS,Exceeding NQS,Exceeding NQS,http://www.qccs.com.au/skins/qccs/pages/centredetails.aspx?code=26&name=PA+Hospital+Early+Education+Centre,6 weeks - 5 years,"""6 weeks - 4 years: $78.00, 4 - 5 years: $74.00""",6:00am - 6:00pm,T,F,F,,,F
SE-00001040,PR-00000702,OSHC,St Ita's Parish Outside School Hours Care,The Corporation of the Trustees of the Roman Catholic Archdiocese of Brisbane Operating Through Centacare Child Care Services ,249 Gladstone Road  ,DUTTON PARK,QLD,4102,3844 8442,07 3844 2230,duttonparkoshc@bne.centacare.net.au, This service is approved to provide education and care to children after school and during school holidays. An approved alternative solution relating to Performance Criteria P18 Accessability within MP5.4 Child Care Centres of Queensland Development Code (with a publication date of 16 November 2007) applies to this service.,60,7/1/11,Provisional â€“ Not yet assessed,Provisional â€“ Not yet assessed,Provisional â€“ Not yet assessed,Provisional â€“ Not yet assessed,Provisional â€“ Not yet assessed,Provisional â€“ Not yet assessed,Provisional â€“ Not yet assessed,Provisional â€“ Not yet assessed,http://www.stitasduttonpark.qld.edu.au/parent-info/Pages/After-School-Care.aspx,5 - 12 years,"""ASC: $12.00 - $15.00, VC: $36.00""","""ASC: 2:30 - 6:00pm, VC: 7:00am - 6:00pm""",F,F,F,,,F
SE-00000999,PR-00000533,OSHC,YMCA Dutton Park OSHC,The Young Men's Christian Association of Brisbane,112 Annerley Road  ,DUTTON PARK,QLD,4102,07 3844 4474,07 3010 8300,adp@ymca.org.au,,60,11/2/11,Provisional â€“ Not yet assessed,Provisional â€“ Not yet assessed,Provisional â€“ Not yet assessed,Provisional â€“ Not yet assessed,Provisional â€“ Not yet assessed,Provisional â€“ Not yet assessed,Provisional â€“ Not yet assessed,Provisional â€“ Not yet assessed,http://www.ymcachildcare.com.au/ymca-ohsc-services/brisbane-south-oshc/dutton-park-oshc,5 - 12 years,"""BSC: $12.50, ASC: $17.50, VC: $43.00""","""BSC: 6:30 - 9:00am, ASC: 2:30 - 6:00pm, VC: 6:30am - 6:00pm""","""Breakfast, morning tea, afternoon tea""",F,F,,,F
SE-00000033,PR-00000898,Child care,Community Kids Annerley,G8 Education Limited,25 Villa Street  ,ANNERLEY,QLD,4103,07 3848 0272,3848 1947,annerley@communitykids.net.au, This service is approved to exceed the approved number of places during the period from Monday to Friday between the hours of 3.00pm to 5.00pm when it is 85 children This service is approved to continue to use an educator to child ratio of 1:5 for children from 15 months to 24 months of age.Â  This ratio applies for children from 15 months of age in place of regulation 123 (1)(a) until 31 December 2017. This service is not required to comply with P1 (b) P3 (c) P3 (d) P5 (e) and P5 (f) of SP5.4: Child Care Centres of the Queensland Development Code (publication date 1 September 2003),80,9/22/10,Provisional â€“ Not Yet Assessed,Provisional â€“ Not Yet Assessed,Provisional â€“ Not Yet Assessed,Provisional â€“ Not Yet Assessed,Provisional â€“ Not Yet Assessed,Provisional â€“ Not Yet Assessed,Provisional â€“ Not Yet Assessed,Provisional â€“ Not Yet Assessed,http://www.communitykids.com.au/centres/community-kids-annerley/,6 weeks - 6 years,"""6 weeks - 24 months: $87.00, 25 - 35 months: $84.00, 3 - 4.5 years: $82.00, 4.5 - 6 years: $49.00""",6:00am - 6:00pm,"""Afternoon tea""",T,F,,,T
SE-00000916,PR-00000193,OSHC,Junction Park Outside School Hours Care Association Inc.,Junction Park Outside School Hours Care Association Incorporated,50 Waldheim Street  ,ANNERLEY,QLD,4103,07 3848 2620,07 3848 9682,jposhc@bigpond.com, This service is approved to provide education and care to 42 children during school holidays This service is approved to provide education and care to 30 children before school This service is approved to provide education and care to 65 children after school. An alternative solution relating to Performance Criteria P18 Accessibility within the SP5.4 - Child Care Centres of the Queensland Development Code (with a publication date of 16 November 2007) applies to this service,65,3/22/09,Provisional â€“ Not Yet Assessed,Provisional â€“ Not Yet Assessed,Provisional â€“ Not Yet Assessed,Provisional â€“ Not Yet Assessed,Provisional â€“ Not Yet Assessed,Provisional â€“ Not Yet Assessed,Provisional â€“ Not Yet Assessed,Provisional â€“ Not Yet Assessed,https://junctionparkss.eq.edu.au/Facilities/Outofschoolhourscare/Pages/Outofschoolhourscare.aspx,5 - 12 years,"""BSC: $12.00, ASC: $17.00, VC: $37.00""","""BSC: 7:00 - 9:00am, ASC: 3:00 - 6:00pm, VC: 7:00am - 6:00pm""",F,F,F,,,F
SE-00001918,PR-00000808,"Child care, OSHC",Little Ducks Childcare Annerley,Little Ducks Childcare Annerley Pty Ltd,35 Waldheim Street  ,ANNERLEY,QLD,4103,3848 7688,3848 6533,annerley@littleducks.com.au, This service is approved to continue to use an educator to child ratio of 1:5 for children from 15 months to 24 months of age.Â  This ratio applies for children from 15 months of age in place of regulation 123 (1)(a) until 31 December 2017. This service is approved to provide a rest period from 12:00pm to 2:00pm on Monday to Friday. This condition expires on 31 December 2019 (subject to the provisions of Regulation 310 (1)).,100,7/8/09,Exceeding NQS,Exceeding NQS,Meeting NQS,Meeting NQS,Exceeding NQS,Exceeding NQS,Exceeding NQS,Exceeding NQS,http://www.littleducks.com.au,6 weeks -  12 years,,6:30am - 6:00pm,F,F,F,,,T
SE-00001044,PR-00000702,OSHC,Mary Immaculate Outside School Hours Care,The Corporation of the Trustees of the Roman Catholic Archdiocese of Brisbane Operating Through Centacare Child Care Services ,616 Ipswich Road  ,ANNERLEY,QLD,4103,3392 6291,,annerleyoshc@bne.centacare.net.au, This service is approved to provide education and care to 30 children before school; and  45 children after school. An approved Alternative Solution relating to Performance Criteria P18 Accessability within MP5.4 Child Care Centres of Queensland Development Code (with a publication date of 16 November 2007) applies to this service.,45,9/24/10,Provisional â€“ Not yet assessed,Provisional â€“ Not yet assessed,Provisional â€“ Not yet assessed,Provisional â€“ Not yet assessed,Provisional â€“ Not yet assessed,Provisional â€“ Not yet assessed,Provisional â€“ Not yet assessed,Provisional â€“ Not yet assessed,http://www.maryimmaculate.qld.edu.au/Community/Documents/OSHC.pdf,5 - 12 years,"""ASC: $17.00""","""BSC: 7:00 - 8:45am, ASC: 3:00 - 6:00pm""","""Afternoon tea""",F,F,,,F
SE-00000107,PR-00001218,Child care,Grosvenor Hall Preschool & Early Learning Centre,Apples & Sunshine Pty Ltd ATF Meadowbrook Childcare Centre Unit Trust,156 School Road  ,YERONGA,QLD,4104,07 3848 2020,,grosvenorhallelc@gmail.com, This service is approved to continue to use an educator to child ratio of 1:5 for children from 15 months to 24 months of age.Â  This ratio applies for children from 15 months of age in place of regulation 123 (1)(a) until 31 December 2017. This service is approved to provide education and care to children from birth up to and including school children.,59,9/7/09,Provisional â€“ Not Yet Assessed,Provisional â€“ Not Yet Assessed,Provisional â€“ Not Yet Assessed,Provisional â€“ Not Yet Assessed,Provisional â€“ Not Yet Assessed,Provisional â€“ Not Yet Assessed,Provisional â€“ Not Yet Assessed,Provisional â€“ Not Yet Assessed,,6 weeks -  5 years,"""6 weeks - 15 months: $89.50, 15 months - 2 years: $88.50, 2 - 3 years: $81.50, 3 - 5 years: $79.50""",6:30am - 6:00pm,T,T,F,,,F
SE-00001131,PR-00000702,OSHC,St Sebastians Outside School Hours Care,The Corporation of the Trustees of the Roman Catholic Archdiocese of Brisbane Operating Through Centacare Child Care Services ,Kadumba Street  ,YERONGA,QLD,4104,07 3848 2500,07 3224 3353,yerongaoshc@bne.centacare.net.au, An approved alternative solution relating to Performance Criteria 18 within SP5.4 Child Care Centres of the Queensland Development Code (with a publication date of 16 November 2007) applies to this service.,60,7/1/11,Working Towards NQS,Meeting NQS,Working Towards NQS,Meeting NQS,Meeting NQS,Working Towards NQS,Meeting NQS,Working Towards NQS,http://www.stsebastiansyeronga.qld.edu.au/documents/oshc.html,5 - 12 years,"""BSC: $13.50, ASC: $17.00""","""BSC: 7:00 - 9:00am, ASC: 2:30 - 6:00pm""","""Breakfast, afternoon tea""",F,F,,,F
SE-00000664,PR-00000887,Child care,Yeronga Child Development Centre,Pavell Pty Ltd ATF The Pavouris Family Trust,45 Park Road  ,YERONGA,QLD,4104,07 38484088,738491757,info@yerongachildcare.com, This service is approved to continue to use an educator to child ratio of 1:5 for children from 15 months to 24 months of age.Â  This ratio applies for children from 15 months of age in place of regulation 123 (1)(a) until 31 December 2017. This service is approved to provide a rest period from 12:00pm to 2:00pm on Monday to Friday. This condition expires on 31 December 2019 (subject to provisions of Regulation 310 (1)).,65,2/1/10,Provisional â€“ Not yet assessed,Provisional â€“ Not yet assessed,Provisional â€“ Not yet assessed,Provisional â€“ Not yet assessed,Provisional â€“ Not yet assessed,Provisional â€“ Not yet assessed,Provisional â€“ Not yet assessed,Provisional â€“ Not yet assessed,http://www.yerongachildcare.com,6 weeks - 5 years,"""6 weeks - 2 years: $88.75, 2 - 3 years: $83.75, 3 - 5 years: $79.75""",6:15am - 6:15pm,T,T,F,T,N,F
SE-00001517,PR-00000179,"School hours care, OSHC",Yeronga Hyde Road Kindergarten & Preschool,Yeronga Hyde Road Kindergarten & Preschool Society Inc,43 Hyde Road  ,YERONGA,QLD,4104,07 3848 3256,3848 3256,helen@hyderoadkindergarten.com,,50,6/17/10,Provisional â€“ Not Yet Assessed,Provisional â€“ Not Yet Assessed,Provisional â€“ Not Yet Assessed,Provisional â€“ Not Yet Assessed,Provisional â€“ Not Yet Assessed,Provisional â€“ Not Yet Assessed,Provisional â€“ Not Yet Assessed,Provisional â€“ Not Yet Assessed,http://www.hyderoad.qld.edu.au/,3.5 years - 5 years,"""3.5 - 5 years: $29.00 per day + $5.00 membership fee + $10.00 waitlist fee + $30.00 per year Club Kindy fee""",7:30am - 4:45pm,F,F,F,F,N,T
SE-00001518,PR-00000057,School hours care,Yeronga Park Kindergarten,Yeronga Park Kindergarten Association Inc,15 School Road  ,YERONGA,QLD,4104,07 3848 4868,3848 6466,admin@yerongaparkkindy.com.au,,46,3/14/10,Provisional â€“ Not yet assessed,Provisional â€“ Not yet assessed,Provisional â€“ Not yet assessed,Provisional â€“ Not yet assessed,Provisional â€“ Not yet assessed,Provisional â€“ Not yet assessed,Provisional â€“ Not yet assessed,Provisional â€“ Not yet assessed,http://www.candk.asn.au/yerongapark,3.5 - 4.5 years,"""3.5 - 4.5 years: $624.00 - $686.00 per term""",,F,F,F,,,F